date,05706003
2010-06-11,
2010-06-12,
2010-06-13,
2010-06-14,
2010-06-15,
2010-06-16,
2010-06-17,
2010-06-18,
2010-06-19,
2010-06-20,
2010-06-21,
2010-06-22,
2010-06-23,
2010-06-24,
2010-06-25,
2010-06-26,
2010-06-27,
2010-06-28,
2010-06-29,
2010-06-30,
2010-07-01,
2010-07-02,
2010-07-03,
2010-07-04,
2010-07-05,
2010-07-06,
2010-07-07,
2010-07-08,
2010-07-09,
2010-07-10,
2010-07-11,
2010-07-12,
2010-07-13,
2010-07-14,
2010-07-15,
2010-07-16,
2010-07-17,
2010-07-18,
2010-07-19,
2010-07-20,
2010-07-21,
2010-07-22,
2010-07-23,
2010-07-24,
2010-07-25,
2010-07-26,
2010-07-27,
2010-07-28,
2010-07-29,
2010-07-30,
2010-07-31,
2010-08-01,
2010-08-02,
2010-08-03,
2010-08-04,
2010-08-05,
2010-08-06,
2010-08-07,
2010-08-08,
2010-08-09,
2010-08-10,
2010-08-11,
2010-08-12,
2010-08-13,
2010-08-14,
2010-08-15,
2010-08-16,
2010-08-17,
2010-08-18,
2010-08-19,
2010-08-20,
2010-08-21,
2010-08-22,
2010-08-23,
2010-08-24,
2010-08-25,
2010-08-26,
2010-08-27,
2010-08-28,
2010-08-29,
2010-08-30,
2010-08-31,
2010-09-01,
2010-09-02,
2010-09-03,
2010-09-04,
2010-09-05,
2010-09-06,
2010-09-07,
2010-09-08,
2010-09-09,
2010-09-10,
2010-09-11,
2010-09-12,
2010-09-13,
2010-09-14,
2010-09-15,
2010-09-16,
2010-09-17,
2010-09-18,
2010-09-19,
2010-09-20,
2010-09-21,
2010-09-22,
2010-09-23,
2010-09-24,
2010-09-25,
2010-09-26,
2010-09-27,
2010-09-28,
2010-09-29,
2010-09-30,
2010-10-01,
2010-10-02,
2010-10-03,
2010-10-04,
2010-10-05,
2010-10-06,
2010-10-07,
2010-10-08,
2010-10-09,
2010-10-10,
2010-10-11,
2010-10-12,
2010-10-13,
2010-10-14,
2010-10-15,
2010-10-16,
2010-10-17,
2010-10-18,
2010-10-19,
2010-10-20,
2010-10-21,
2010-10-22,
2010-10-23,
2010-10-24,
2010-10-25,
2010-10-26,
2010-10-27,
2010-10-28,
2010-10-29,
2010-10-30,
2010-10-31,
2010-11-01,
2010-11-02,
2010-11-03,
2010-11-04,
2010-11-05,
2010-11-06,
2010-11-07,
2010-11-08,
2010-11-09,
2010-11-10,
2010-11-11,
2010-11-12,
2010-11-13,
2010-11-14,
2010-11-15,
2010-11-16,
2010-11-17,
2010-11-18,
2010-11-19,
2010-11-20,
2010-11-21,
2010-11-22,
2010-11-23,
2010-11-24,
2010-11-25,
2010-11-26,
2010-11-27,
2010-11-28,
2010-11-29,
2010-11-30,
2010-12-01,
2010-12-02,
2010-12-03,
2010-12-04,
2010-12-05,
2010-12-06,
2010-12-07,
2010-12-08,
2010-12-09,
2010-12-10,
2010-12-11,
2010-12-12,
2010-12-13,
2010-12-14,
2010-12-15,
2010-12-16,
2010-12-17,
2010-12-18,
2010-12-19,
2010-12-20,
2010-12-21,
2010-12-22,
2010-12-23,
2010-12-24,
2010-12-25,
2010-12-26,
2010-12-27,
2010-12-28,
2010-12-29,
2010-12-30,
2010-12-31,
2011-01-01,
2011-01-02,
2011-01-03,
2011-01-04,
2011-01-05,
2011-01-06,
2011-01-07,
2011-01-08,
2011-01-09,
2011-01-10,
2011-01-11,
2011-01-12,
2011-01-13,
2011-01-14,
2011-01-15,
2011-01-16,
2011-01-17,
2011-01-18,
2011-01-19,
2011-01-20,
2011-01-21,
2011-01-22,
2011-01-23,
2011-01-24,
2011-01-25,
2011-01-26,
2011-01-27,
2011-01-28,
2011-01-29,
2011-01-30,
2011-01-31,
2011-02-01,
2011-02-02,
2011-02-03,
2011-02-04,
2011-02-05,
2011-02-06,
2011-02-07,
2011-02-08,
2011-02-09,
2011-02-10,
2011-02-11,
2011-02-12,
2011-02-13,
2011-02-14,
2011-02-15,
2011-02-16,
2011-02-17,
2011-02-18,
2011-02-19,
2011-02-20,
2011-02-21,
2011-02-22,
2011-02-23,
2011-02-24,
2011-02-25,
2011-02-26,
2011-02-27,
2011-02-28,
2011-03-01,
2011-03-02,
2011-03-03,
2011-03-04,
2011-03-05,
2011-03-06,
2011-03-07,
2011-03-08,
2011-03-09,
2011-03-10,
2011-03-11,
2011-03-12,
2011-03-13,
2011-03-14,
2011-03-15,
2011-03-16,
2011-03-17,
2011-03-18,
2011-03-19,
2011-03-20,
2011-03-21,
2011-03-22,
2011-03-23,
2011-03-24,
2011-03-25,
2011-03-26,
2011-03-27,
2011-03-28,
2011-03-29,
2011-03-30,
2011-03-31,
2011-04-01,
2011-04-02,
2011-04-03,
2011-04-04,
2011-04-05,
2011-04-06,
2011-04-07,
2011-04-08,
2011-04-09,
2011-04-10,
2011-04-11,
2011-04-12,
2011-04-13,
2011-04-14,
2011-04-15,
2011-04-16,
2011-04-17,
2011-04-18,
2011-04-19,
2011-04-20,
2011-04-21,
2011-04-22,
2011-04-23,
2011-04-24,
2011-04-25,
2011-04-26,
2011-04-27,
2011-04-28,
2011-04-29,
2011-04-30,
2011-05-01,
2011-05-02,
2011-05-03,
2011-05-04,
2011-05-05,
2011-05-06,
2011-05-07,
2011-05-08,
2011-05-09,
2011-05-10,
2011-05-11,
2011-05-12,
2011-05-13,
2011-05-14,
2011-05-15,
2011-05-16,
2011-05-17,
2011-05-18,
2011-05-19,
2011-05-20,
2011-05-21,
2011-05-22,
2011-05-23,
2011-05-24,
2011-05-25,
2011-05-26,
2011-05-27,
2011-05-28,
2011-05-29,
2011-05-30,
2011-05-31,
2011-06-01,
2011-06-02,
2011-06-03,
2011-06-04,
2011-06-05,
2011-06-06,
2011-06-07,
2011-06-08,
2011-06-09,
2011-06-10,
2011-06-11,
2011-06-12,
2011-06-13,
2011-06-14,
2011-06-15,
2011-06-16,
2011-06-17,
2011-06-18,
2011-06-19,
2011-06-20,
2011-06-21,
2011-06-22,
2011-06-23,
2011-06-24,
2011-06-25,
2011-06-26,
2011-06-27,
2011-06-28,
2011-06-29,
2011-06-30,
2011-07-01,
2011-07-02,
2011-07-03,
2011-07-04,
2011-07-05,
2011-07-06,
2011-07-07,
2011-07-08,
2011-07-09,
2011-07-10,
2011-07-11,
2011-07-12,
2011-07-13,
2011-07-14,
2011-07-15,
2011-07-16,
2011-07-17,
2011-07-18,
2011-07-19,
2011-07-20,
2011-07-21,
2011-07-22,
2011-07-23,
2011-07-24,
2011-07-25,
2011-07-26,
2011-07-27,
2011-07-28,
2011-07-29,
2011-07-30,
2011-07-31,
2011-08-01,
2011-08-02,
2011-08-03,
2011-08-04,
2011-08-05,
2011-08-06,
2011-08-07,
2011-08-08,
2011-08-09,
2011-08-10,
2011-08-11,
2011-08-12,
2011-08-13,
2011-08-14,
2011-08-15,
2011-08-16,
2011-08-17,
2011-08-18,
2011-08-19,
2011-08-20,
2011-08-21,
2011-08-22,
2011-08-23,
2011-08-24,
2011-08-25,
2011-08-26,
2011-08-27,
2011-08-28,
2011-08-29,
2011-08-30,
2011-08-31,
2011-09-01,
2011-09-02,
2011-09-03,
2011-09-04,
2011-09-05,
2011-09-06,
2011-09-07,
2011-09-08,
2011-09-09,
2011-09-10,
2011-09-11,
2011-09-12,
2011-09-13,
2011-09-14,
2011-09-15,
2011-09-16,
2011-09-17,
2011-09-18,
2011-09-19,
2011-09-20,
2011-09-21,
2011-09-22,
2011-09-23,
2011-09-24,
2011-09-25,
2011-09-26,
2011-09-27,
2011-09-28,
2011-09-29,
2011-09-30,
2011-10-01,
2011-10-02,
2011-10-03,
2011-10-04,
2011-10-05,
2011-10-06,
2011-10-07,
2011-10-08,
2011-10-09,
2011-10-10,
2011-10-11,
2011-10-12,
2011-10-13,
2011-10-14,
2011-10-15,
2011-10-16,
2011-10-17,
2011-10-18,
2011-10-19,
2011-10-20,
2011-10-21,
2011-10-22,
2011-10-23,
2011-10-24,
2011-10-25,
2011-10-26,
2011-10-27,
2011-10-28,
2011-10-29,
2011-10-30,
2011-10-31,
2011-11-01,
2011-11-02,
2011-11-03,
2011-11-04,
2011-11-05,
2011-11-06,
2011-11-07,
2011-11-08,
2011-11-09,
2011-11-10,
2011-11-11,
2011-11-12,
2011-11-13,
2011-11-14,
2011-11-15,
2011-11-16,
2011-11-17,
2011-11-18,
2011-11-19,
2011-11-20,
2011-11-21,
2011-11-22,
2011-11-23,
2011-11-24,
2011-11-25,
2011-11-26,
2011-11-27,
2011-11-28,
2011-11-29,
2011-11-30,
2011-12-01,
2011-12-02,
2011-12-03,
2011-12-04,
2011-12-05,
2011-12-06,
2011-12-07,
2011-12-08,
2011-12-09,
2011-12-10,
2011-12-11,
2011-12-12,
2011-12-13,
2011-12-14,
2011-12-15,
2011-12-16,
2011-12-17,
2011-12-18,
2011-12-19,
2011-12-20,
2011-12-21,
2011-12-22,
2011-12-23,
2011-12-24,
2011-12-25,
2011-12-26,
2011-12-27,
2011-12-28,
2011-12-29,
2011-12-30,
2011-12-31,
2012-01-01,
2012-01-02,
2012-01-03,
2012-01-04,
2012-01-05,
2012-01-06,
2012-01-07,
2012-01-08,
2012-01-09,
2012-01-10,
2012-01-11,
2012-01-12,
2012-01-13,
2012-01-14,
2012-01-15,
2012-01-16,
2012-01-17,
2012-01-18,
2012-01-19,
2012-01-20,
2012-01-21,
2012-01-22,
2012-01-23,
2012-01-24,
2012-01-25,
2012-01-26,
2012-01-27,
2012-01-28,
2012-01-29,
2012-01-30,
2012-01-31,
2012-02-01,
2012-02-02,
2012-02-03,
2012-02-04,
2012-02-05,
2012-02-06,
2012-02-07,
2012-02-08,
2012-02-09,
2012-02-10,
2012-02-11,
2012-02-12,
2012-02-13,
2012-02-14,
2012-02-15,
2012-02-16,
2012-02-17,
2012-02-18,
2012-02-19,
2012-02-20,
2012-02-21,
2012-02-22,
2012-02-23,
2012-02-24,
2012-02-25,
2012-02-26,
2012-02-27,
2012-02-28,
2012-02-29,
2012-03-01,
2012-03-02,
2012-03-03,
2012-03-04,
2012-03-05,
2012-03-06,
2012-03-07,
2012-03-08,
2012-03-09,
2012-03-10,
2012-03-11,
2012-03-12,
2012-03-13,
2012-03-14,
2012-03-15,
2012-03-16,
2012-03-17,
2012-03-18,
2012-03-19,
2012-03-20,
2012-03-21,
2012-03-22,
2012-03-23,
2012-03-24,
2012-03-25,
2012-03-26,
2012-03-27,
2012-03-28,
2012-03-29,
2012-03-30,
2012-03-31,
2012-04-01,
2012-04-02,
2012-04-03,
2012-04-04,
2012-04-05,
2012-04-06,
2012-04-07,
2012-04-08,
2012-04-09,
2012-04-10,
2012-04-11,
2012-04-12,
2012-04-13,
2012-04-14,
2012-04-15,
2012-04-16,
2012-04-17,
2012-04-18,
2012-04-19,
2012-04-20,
2012-04-21,
2012-04-22,
2012-04-23,
2012-04-24,
2012-04-25,
2012-04-26,
2012-04-27,
2012-04-28,
2012-04-29,
2012-04-30,
2012-05-01,
2012-05-02,
2012-05-03,
2012-05-04,
2012-05-05,
2012-05-06,
2012-05-07,
2012-05-08,
2012-05-09,
2012-05-10,
2012-05-11,
2012-05-12,
2012-05-13,
2012-05-14,
2012-05-15,
2012-05-16,
2012-05-17,
2012-05-18,
2012-05-19,
2012-05-20,
2012-05-21,
2012-05-22,
2012-05-23,
2012-05-24,
2012-05-25,
2012-05-26,
2012-05-27,
2012-05-28,
2012-05-29,
2012-05-30,
2012-05-31,
2012-06-01,
2012-06-02,
2012-06-03,
2012-06-04,
2012-06-05,
2012-06-06,
2012-06-07,
2012-06-08,
2012-06-09,
2012-06-10,
2012-06-11,
2012-06-12,
2012-06-13,
2012-06-14,
2012-06-15,
2012-06-16,
2012-06-17,
2012-06-18,
2012-06-19,
2012-06-20,
2012-06-21,
2012-06-22,
2012-06-23,
2012-06-24,
2012-06-25,
2012-06-26,
2012-06-27,
2012-06-28,
2012-06-29,
2012-06-30,
2012-07-01,
2012-07-02,
2012-07-03,
2012-07-04,
2012-07-05,
2012-07-06,
2012-07-07,
2012-07-08,
2012-07-09,
2012-07-10,
2012-07-11,
2012-07-12,
2012-07-13,
2012-07-14,
2012-07-15,
2012-07-16,
2012-07-17,
2012-07-18,
2012-07-19,
2012-07-20,
2012-07-21,
2012-07-22,
2012-07-23,
2012-07-24,
2012-07-25,
2012-07-26,
2012-07-27,
2012-07-28,
2012-07-29,
2012-07-30,
2012-07-31,
2012-08-01,
2012-08-02,
2012-08-03,
2012-08-04,
2012-08-05,
2012-08-06,
2012-08-07,
2012-08-08,
2012-08-09,
2012-08-10,
2012-08-11,
2012-08-12,
2012-08-13,
2012-08-14,
2012-08-15,
2012-08-16,
2012-08-17,
2012-08-18,
2012-08-19,
2012-08-20,
2012-08-21,
2012-08-22,
2012-08-23,
2012-08-24,
2012-08-25,
2012-08-26,
2012-08-27,
2012-08-28,
2012-08-29,
2012-08-30,
2012-08-31,
2012-09-01,
2012-09-02,
2012-09-03,
2012-09-04,
2012-09-05,
2012-09-06,
2012-09-07,
2012-09-08,
2012-09-09,
2012-09-10,
2012-09-11,
2012-09-12,
2012-09-13,
2012-09-14,
2012-09-15,
2012-09-16,
2012-09-17,
2012-09-18,
2012-09-19,
2012-09-20,
2012-09-21,
2012-09-22,
2012-09-23,
2012-09-24,
2012-09-25,
2012-09-26,
2012-09-27,
2012-09-28,
2012-09-29,
2012-09-30,
2012-10-01,
2012-10-02,
2012-10-03,
2012-10-04,
2012-10-05,
2012-10-06,
2012-10-07,
2012-10-08,
2012-10-09,
2012-10-10,
2012-10-11,
2012-10-12,
2012-10-13,
2012-10-14,
2012-10-15,
2012-10-16,
2012-10-17,
2012-10-18,
2012-10-19,
2012-10-20,
2012-10-21,
2012-10-22,
2012-10-23,
2012-10-24,
2012-10-25,
2012-10-26,
2012-10-27,
2012-10-28,
2012-10-29,
2012-10-30,
2012-10-31,
2012-11-01,
2012-11-02,
2012-11-03,
2012-11-04,
2012-11-05,
2012-11-06,
2012-11-07,
2012-11-08,
2012-11-09,
2012-11-10,
2012-11-11,
2012-11-12,
2012-11-13,
2012-11-14,
2012-11-15,
2012-11-16,
2012-11-17,
2012-11-18,
2012-11-19,
2012-11-20,
2012-11-21,
2012-11-22,
2012-11-23,
2012-11-24,
2012-11-25,
2012-11-26,
2012-11-27,
2012-11-28,
2012-11-29,
2012-11-30,
2012-12-01,
2012-12-02,
2012-12-03,
2012-12-04,
2012-12-05,
2012-12-06,
2012-12-07,
2012-12-08,
2012-12-09,
2012-12-10,
2012-12-11,
2012-12-12,
2012-12-13,
2012-12-14,
2012-12-15,
2012-12-16,
2012-12-17,
2012-12-18,
2012-12-19,
2012-12-20,
2012-12-21,
2012-12-22,
2012-12-23,
2012-12-24,
2012-12-25,
2012-12-26,
2012-12-27,
2012-12-28,
2012-12-29,
2012-12-30,
2012-12-31,
2013-01-01,
2013-01-02,
2013-01-03,
2013-01-04,
2013-01-05,
2013-01-06,
2013-01-07,
2013-01-08,
2013-01-09,
2013-01-10,
2013-01-11,
2013-01-12,
2013-01-13,
2013-01-14,
2013-01-15,
2013-01-16,
2013-01-17,
2013-01-18,
2013-01-19,
2013-01-20,
2013-01-21,
2013-01-22,
2013-01-23,
2013-01-24,
2013-01-25,
2013-01-26,
2013-01-27,
2013-01-28,
2013-01-29,
2013-01-30,
2013-01-31,
2013-02-01,
2013-02-02,
2013-02-03,
2013-02-04,
2013-02-05,
2013-02-06,
2013-02-07,
2013-02-08,
2013-02-09,
2013-02-10,
2013-02-11,
2013-02-12,
2013-02-13,
2013-02-14,
2013-02-15,
2013-02-16,
2013-02-17,
2013-02-18,
2013-02-19,
2013-02-20,
2013-02-21,
2013-02-22,
2013-02-23,
2013-02-24,
2013-02-25,
2013-02-26,
2013-02-27,
2013-02-28,
2013-03-01,
2013-03-02,
2013-03-03,
2013-03-04,
2013-03-05,
2013-03-06,
2013-03-07,
2013-03-08,
2013-03-09,
2013-03-10,
2013-03-11,
2013-03-12,
2013-03-13,
2013-03-14,
2013-03-15,
2013-03-16,
2013-03-17,
2013-03-18,
2013-03-19,
2013-03-20,
2013-03-21,
2013-03-22,
2013-03-23,
2013-03-24,
2013-03-25,
2013-03-26,
2013-03-27,
2013-03-28,
2013-03-29,
2013-03-30,
2013-03-31,
2013-04-01,
2013-04-02,
2013-04-03,
2013-04-04,
2013-04-05,
2013-04-06,
2013-04-07,
2013-04-08,
2013-04-09,
2013-04-10,
2013-04-11,
2013-04-12,
2013-04-13,
2013-04-14,
2013-04-15,
2013-04-16,
2013-04-17,
2013-04-18,
2013-04-19,
2013-04-20,
2013-04-21,
2013-04-22,
2013-04-23,
2013-04-24,
2013-04-25,
2013-04-26,
2013-04-27,
2013-04-28,
2013-04-29,
2013-04-30,
2013-05-01,
2013-05-02,
2013-05-03,
2013-05-04,
2013-05-05,
2013-05-06,
2013-05-07,
2013-05-08,
2013-05-09,
2013-05-10,
2013-05-11,
2013-05-12,
2013-05-13,
2013-05-14,
2013-05-15,
2013-05-16,
2013-05-17,
2013-05-18,
2013-05-19,
2013-05-20,
2013-05-21,
2013-05-22,
2013-05-23,
2013-05-24,
2013-05-25,
2013-05-26,
2013-05-27,
2013-05-28,
2013-05-29,
2013-05-30,
2013-05-31,
2013-06-01,
2013-06-02,
2013-06-03,
2013-06-04,
2013-06-05,
2013-06-06,
2013-06-07,
2013-06-08,
2013-06-09,
2013-06-10,
2013-06-11,
2013-06-12,
2013-06-13,
2013-06-14,
2013-06-15,
2013-06-16,
2013-06-17,
2013-06-18,
2013-06-19,
2013-06-20,
2013-06-21,
2013-06-22,
2013-06-23,
2013-06-24,
2013-06-25,
2013-06-26,
2013-06-27,
2013-06-28,
2013-06-29,
2013-06-30,
2013-07-01,
2013-07-02,
2013-07-03,
2013-07-04,
2013-07-05,
2013-07-06,
2013-07-07,
2013-07-08,
2013-07-09,
2013-07-10,
2013-07-11,
2013-07-12,
2013-07-13,
2013-07-14,
2013-07-15,
2013-07-16,
2013-07-17,
2013-07-18,
2013-07-19,
2013-07-20,
2013-07-21,
2013-07-22,
2013-07-23,
2013-07-24,
2013-07-25,
2013-07-26,
2013-07-27,
2013-07-28,
2013-07-29,
2013-07-30,
2013-07-31,
2013-08-01,
2013-08-02,
2013-08-03,
2013-08-04,
2013-08-05,
2013-08-06,
2013-08-07,
2013-08-08,
2013-08-09,
2013-08-10,
2013-08-11,
2013-08-12,
2013-08-13,
2013-08-14,
2013-08-15,
2013-08-16,
2013-08-17,
2013-08-18,
2013-08-19,
2013-08-20,
2013-08-21,
2013-08-22,
2013-08-23,
2013-08-24,
2013-08-25,
2013-08-26,
2013-08-27,
2013-08-28,
2013-08-29,
2013-08-30,
2013-08-31,
2013-09-01,
2013-09-02,
2013-09-03,
2013-09-04,
2013-09-05,
2013-09-06,
2013-09-07,
2013-09-08,
2013-09-09,
2013-09-10,
2013-09-11,
2013-09-12,
2013-09-13,
2013-09-14,
2013-09-15,
2013-09-16,
2013-09-17,
2013-09-18,
2013-09-19,
2013-09-20,
2013-09-21,
2013-09-22,
2013-09-23,
2013-09-24,
2013-09-25,
2013-09-26,
2013-09-27,
2013-09-28,
2013-09-29,
2013-09-30,
2013-10-01,
2013-10-02,
2013-10-03,
2013-10-04,
2013-10-05,
2013-10-06,
2013-10-07,
2013-10-08,
2013-10-09,
2013-10-10,
2013-10-11,
2013-10-12,
2013-10-13,
2013-10-14,
2013-10-15,
2013-10-16,
2013-10-17,
2013-10-18,
2013-10-19,
2013-10-20,
2013-10-21,
2013-10-22,
2013-10-23,
2013-10-24,
2013-10-25,
2013-10-26,
2013-10-27,
2013-10-28,
2013-10-29,
2013-10-30,
2013-10-31,
2013-11-01,
2013-11-02,
2013-11-03,
2013-11-04,
2013-11-05,
2013-11-06,
2013-11-07,
2013-11-08,
2013-11-09,
2013-11-10,
2013-11-11,
2013-11-12,
2013-11-13,
2013-11-14,
2013-11-15,
2013-11-16,
2013-11-17,
2013-11-18,
2013-11-19,
2013-11-20,
2013-11-21,
2013-11-22,
2013-11-23,
2013-11-24,
2013-11-25,
2013-11-26,
2013-11-27,
2013-11-28,
2013-11-29,
2013-11-30,
2013-12-01,
2013-12-02,
2013-12-03,
2013-12-04,
2013-12-05,
2013-12-06,
2013-12-07,
2013-12-08,
2013-12-09,
2013-12-10,
2013-12-11,
2013-12-12,
2013-12-13,
2013-12-14,
2013-12-15,
2013-12-16,
2013-12-17,
2013-12-18,
2013-12-19,
2013-12-20,
2013-12-21,
2013-12-22,
2013-12-23,
2013-12-24,
2013-12-25,
2013-12-26,
2013-12-27,
2013-12-28,
2013-12-29,
2013-12-30,
2013-12-31,
2014-01-01,
2014-01-02,
2014-01-03,
2014-01-04,
2014-01-05,
2014-01-06,
2014-01-07,
2014-01-08,
2014-01-09,
2014-01-10,
2014-01-11,
2014-01-12,
2014-01-13,
2014-01-14,
2014-01-15,
2014-01-16,
2014-01-17,
2014-01-18,
2014-01-19,
2014-01-20,
2014-01-21,
2014-01-22,
2014-01-23,
2014-01-24,
2014-01-25,
2014-01-26,
2014-01-27,
2014-01-28,
2014-01-29,
2014-01-30,
2014-01-31,
2014-02-01,
2014-02-02,
2014-02-03,
2014-02-04,
2014-02-05,
2014-02-06,
2014-02-07,
2014-02-08,
2014-02-09,
2014-02-10,
2014-02-11,
2014-02-12,
2014-02-13,
2014-02-14,
2014-02-15,
2014-02-16,
2014-02-17,
2014-02-18,
2014-02-19,
2014-02-20,
2014-02-21,
2014-02-22,
2014-02-23,
2014-02-24,
2014-02-25,
2014-02-26,
2014-02-27,
2014-02-28,
2014-03-01,
2014-03-02,
2014-03-03,
2014-03-04,
2014-03-05,
2014-03-06,
2014-03-07,
2014-03-08,
2014-03-09,
2014-03-10,
2014-03-11,
2014-03-12,
2014-03-13,
2014-03-14,
2014-03-15,
2014-03-16,
2014-03-17,
2014-03-18,
2014-03-19,
2014-03-20,
2014-03-21,
2014-03-22,
2014-03-23,
2014-03-24,
2014-03-25,
2014-03-26,
2014-03-27,
2014-03-28,
2014-03-29,
2014-03-30,
2014-03-31,
2014-04-01,
2014-04-02,
2014-04-03,
2014-04-04,
2014-04-05,
2014-04-06,
2014-04-07,
2014-04-08,
2014-04-09,
2014-04-10,
2014-04-11,
2014-04-12,
2014-04-13,
2014-04-14,
2014-04-15,
2014-04-16,
2014-04-17,
2014-04-18,
2014-04-19,
2014-04-20,
2014-04-21,
2014-04-22,
2014-04-23,
2014-04-24,
2014-04-25,
2014-04-26,
2014-04-27,
2014-04-28,
2014-04-29,
2014-04-30,
2014-05-01,
2014-05-02,
2014-05-03,
2014-05-04,
2014-05-05,
2014-05-06,
2014-05-07,
2014-05-08,
2014-05-09,
2014-05-10,
2014-05-11,
2014-05-12,
2014-05-13,
2014-05-14,
2014-05-15,
2014-05-16,
2014-05-17,
2014-05-18,
2014-05-19,1.94
2014-05-20,1.96
2014-05-21,1.97
2014-05-22,1.96
2014-05-23,1.96
2014-05-24,1.97
2014-05-25,1.98
2014-05-26,1.97
2014-05-27,1.96
2014-05-28,1.96
2014-05-29,1.98
2014-05-30,1.99
2014-05-31,1.99
2014-06-01,1.97
2014-06-02,1.96
2014-06-03,1.96
2014-06-04,1.93
2014-06-05,1.99
2014-06-06,1.99
2014-06-07,2.01
2014-06-08,1.98
2014-06-09,1.94
2014-06-10,1.93
2014-06-11,1.95
2014-06-12,1.85
2014-06-13,1.84
2014-06-14,1.82
2014-06-15,1.83
2014-06-16,1.85
2014-06-17,1.85
2014-06-18,1.86
2014-06-19,1.87
2014-06-20,1.88
2014-06-21,1.89
2014-06-22,1.9
2014-06-23,1.91
2014-06-24,1.91
2014-06-25,1.93
2014-06-26,1.94
2014-06-27,1.94
2014-06-28,1.92
2014-06-29,1.92
2014-06-30,1.93
2014-07-01,1.94
2014-07-02,1.96
2014-07-03,1.95
2014-07-04,1.97
2014-07-05,1.98
2014-07-06,1.96
2014-07-07,1.94
2014-07-08,1.95
2014-07-09,1.95
2014-07-10,1.95
2014-07-11,1.98
2014-07-12,1.98
2014-07-13,1.96
2014-07-14,1.98
2014-07-15,1.98
2014-07-16,1.98
2014-07-17,1.98
2014-07-18,1.96
2014-07-19,1.95
2014-07-20,1.95
2014-07-21,1.97
2014-07-22,1.96
2014-07-23,2.0
2014-07-24,2.0
2014-07-25,1.99
2014-07-26,1.98
2014-07-27,1.98
2014-07-28,1.97
2014-07-29,1.97
2014-07-30,1.96
2014-07-31,1.85
2014-08-01,1.94
2014-08-02,1.96
2014-08-03,1.97
2014-08-04,1.96
2014-08-05,1.96
2014-08-06,1.95
2014-08-07,1.94
2014-08-08,1.95
2014-08-09,1.95
2014-08-10,1.96
2014-08-11,1.97
2014-08-12,1.98
2014-08-13,1.97
2014-08-14,1.96
2014-08-15,1.96
2014-08-16,1.95
2014-08-17,1.94
2014-08-18,1.93
2014-08-19,1.95
2014-08-20,1.95
2014-08-21,1.95
2014-08-22,1.98
2014-08-23,1.97
2014-08-24,1.85
2014-08-25,1.91
2014-08-26,1.93
2014-08-27,1.96
2014-08-28,1.97
2014-08-29,1.96
2014-08-30,1.96
2014-08-31,1.97
2014-09-01,1.97
2014-09-02,1.95
2014-09-03,1.98
2014-09-04,1.98
2014-09-05,1.98
2014-09-06,1.99
2014-09-07,1.96
2014-09-08,1.96
2014-09-09,1.98
2014-09-10,1.99
2014-09-11,1.97
2014-09-12,1.97
2014-09-13,1.94
2014-09-14,1.92
2014-09-15,1.96
2014-09-16,1.96
2014-09-17,1.97
2014-09-18,1.97
2014-09-19,1.97
2014-09-20,1.97
2014-09-21,1.95
2014-09-22,1.98
2014-09-23,1.98
2014-09-24,1.98
2014-09-25,1.98
2014-09-26,1.97
2014-09-27,1.97
2014-09-28,1.97
2014-09-29,1.97
2014-09-30,1.97
2014-10-01,1.95
2014-10-02,1.95
2014-10-03,1.96
2014-10-04,1.97
2014-10-05,1.97
2014-10-06,1.94
2014-10-07,1.94
2014-10-08,1.95
2014-10-09,1.95
2014-10-10,1.95
2014-10-11,1.95
2014-10-12,1.95
2014-10-13,1.94
2014-10-14,1.94
2014-10-15,1.94
2014-10-16,1.95
2014-10-17,1.95
2014-10-18,1.96
2014-10-19,1.95
2014-10-20,1.95
2014-10-21,1.94
2014-10-22,1.94
2014-10-23,1.94
2014-10-24,1.94
2014-10-25,1.94
2014-10-26,1.95
2014-10-27,1.95
2014-10-28,1.95
2014-10-29,1.96
2014-10-30,1.97
2014-10-31,1.96
2014-11-01,1.96
2014-11-02,1.96
2014-11-03,1.97
2014-11-04,1.96
2014-11-05,1.96
2014-11-06,1.95
2014-11-07,1.96
2014-11-08,1.95
2014-11-09,1.95
2014-11-10,1.95
2014-11-11,1.96
2014-11-12,1.96
2014-11-13,1.92
2014-11-14,1.94
2014-11-15,1.94
2014-11-16,1.94
2014-11-17,1.95
2014-11-18,1.95
2014-11-19,1.95
2014-11-20,1.96
2014-11-21,1.96
2014-11-22,1.96
2014-11-23,1.94
2014-11-24,1.96
2014-11-25,1.95
2014-11-26,1.96
2014-11-27,1.95
2014-11-28,1.95
2014-11-29,1.97
2014-11-30,1.98
2014-12-01,1.97
2014-12-02,1.95
2014-12-03,1.94
2014-12-04,1.94
2014-12-05,1.94
2014-12-06,1.95
2014-12-07,1.94
2014-12-08,1.94
2014-12-09,1.94
2014-12-10,1.95
2014-12-11,1.95
2014-12-12,1.95
2014-12-13,1.95
2014-12-14,1.95
2014-12-15,1.95
2014-12-16,1.95
2014-12-17,1.95
2014-12-18,1.95
2014-12-19,1.95
2014-12-20,1.96
2014-12-21,1.98
2014-12-22,1.97
2014-12-23,1.95
2014-12-24,1.94
2014-12-25,1.94
2014-12-26,1.94
2014-12-27,1.94
2014-12-28,1.94
2014-12-29,1.94
2014-12-30,1.94
2014-12-31,1.95
2015-01-01,1.94
2015-01-02,1.94
2015-01-03,1.94
2015-01-04,1.93
2015-01-05,1.94
2015-01-06,1.93
2015-01-07,1.94
2015-01-08,1.94
2015-01-09,1.94
2015-01-10,1.94
2015-01-11,1.94
2015-01-12,1.94
2015-01-13,1.94
2015-01-14,1.94
2015-01-15,1.94
2015-01-16,1.94
2015-01-17,1.94
2015-01-18,1.94
2015-01-19,1.94
2015-01-20,1.94
2015-01-21,1.93
2015-01-22,1.93
2015-01-23,1.93
2015-01-24,1.93
2015-01-25,1.93
2015-01-26,1.93
2015-01-27,1.94
2015-01-28,1.94
2015-01-29,1.94
2015-01-30,1.93
2015-01-31,1.93
2015-02-01,1.93
2015-02-02,1.93
2015-02-03,1.93
2015-02-04,1.93
2015-02-05,1.93
2015-02-06,1.93
2015-02-07,1.94
2015-02-08,1.94
2015-02-09,1.95
2015-02-10,1.95
2015-02-11,1.91
2015-02-12,1.94
2015-02-13,1.94
2015-02-14,1.94
2015-02-15,1.94
2015-02-16,1.94
2015-02-17,1.94
2015-02-18,1.95
2015-02-19,1.96
2015-02-20,1.97
2015-02-21,1.96
2015-02-22,1.95
2015-02-23,1.94
2015-02-24,1.95
2015-02-25,1.95
2015-02-26,1.94
2015-02-27,1.95
2015-02-28,1.95
2015-03-01,1.95
2015-03-02,1.95
2015-03-03,1.95
2015-03-04,1.95
2015-03-05,1.94
2015-03-06,1.94
2015-03-07,1.94
2015-03-08,1.93
2015-03-09,1.93
2015-03-10,1.93
2015-03-11,1.93
2015-03-12,1.93
2015-03-13,1.94
2015-03-14,1.95
2015-03-15,1.94
2015-03-16,1.94
2015-03-17,1.94
2015-03-18,1.94
2015-03-19,1.93
2015-03-20,1.94
2015-03-21,1.94
2015-03-22,1.95
2015-03-23,1.95
2015-03-24,1.96
2015-03-25,1.96
2015-03-26,1.96
2015-03-27,1.96
2015-03-28,1.95
2015-03-29,1.95
2015-03-30,1.95
2015-03-31,1.96
2015-04-01,1.95
2015-04-02,1.94
2015-04-03,1.95
2015-04-04,1.96
2015-04-05,1.96
2015-04-06,1.95
2015-04-07,1.95
2015-04-08,1.95
2015-04-09,1.96
2015-04-10,1.95
2015-04-11,1.94
2015-04-12,1.95
2015-04-13,1.96
2015-04-14,1.95
2015-04-15,1.95
2015-04-16,1.97
2015-04-17,1.96
2015-04-18,1.96
2015-04-19,1.96
2015-04-20,1.96
2015-04-21,1.96
2015-04-22,1.96
2015-04-23,1.95
2015-04-24,1.95
2015-04-25,1.94
2015-04-26,1.94
2015-04-27,1.95
2015-04-28,1.95
2015-04-29,1.95
2015-04-30,1.95
2015-05-01,1.96
2015-05-02,1.97
2015-05-03,1.98
2015-05-04,1.97
2015-05-05,1.96
2015-05-06,1.97
2015-05-07,1.96
2015-05-08,1.96
2015-05-09,1.96
2015-05-10,1.97
2015-05-11,1.96
2015-05-12,1.96
2015-05-13,1.96
2015-05-14,1.96
2015-05-15,1.97
2015-05-16,1.96
2015-05-17,1.96
2015-05-18,1.97
2015-05-19,1.97
2015-05-20,1.96
2015-05-21,1.96
2015-05-22,1.96
2015-05-23,1.98
2015-05-24,1.98
2015-05-25,1.98
2015-05-26,1.97
2015-05-27,1.98
2015-05-28,1.96
2015-05-29,1.66
2015-05-30,1.97
2015-05-31,1.98
2015-06-01,1.97
2015-06-02,1.97
2015-06-03,1.96
2015-06-04,1.95
2015-06-05,1.96
2015-06-06,1.96
2015-06-07,1.97
2015-06-08,1.97
2015-06-09,1.99
2015-06-10,1.98
2015-06-11,1.98
2015-06-12,1.98
2015-06-13,2.0
2015-06-14,2.01
2015-06-15,1.99
2015-06-16,1.98
2015-06-17,2.0
2015-06-18,1.98
2015-06-19,1.96
2015-06-20,1.95
2015-06-21,1.95
2015-06-22,1.95
2015-06-23,1.96
2015-06-24,1.95
2015-06-25,1.98
2015-06-26,1.97
2015-06-27,1.96
2015-06-28,1.97
2015-06-29,1.99
2015-06-30,1.98
2015-07-01,1.98
2015-07-02,1.99
2015-07-03,1.99
2015-07-04,1.97
2015-07-05,1.74
2015-07-06,1.93
2015-07-07,1.97
2015-07-08,1.97
2015-07-09,1.98
2015-07-10,1.9
2015-07-11,1.72
2015-07-12,1.66
2015-07-13,1.42
2015-07-14,1.51
2015-07-15,1.57
2015-07-16,1.63
2015-07-17,1.65
2015-07-18,1.68
2015-07-19,1.71
2015-07-20,1.74
2015-07-21,1.71
2015-07-22,1.73
2015-07-23,1.74
2015-07-24,1.73
2015-07-25,1.74
2015-07-26,1.75
2015-07-27,1.78
2015-07-28,1.79
2015-07-29,1.8
2015-07-30,1.83
2015-07-31,1.82
2015-08-01,1.84
2015-08-02,1.71
2015-08-03,1.7
2015-08-04,1.74
2015-08-05,1.61
2015-08-06,1.34
2015-08-07,1.12
2015-08-08,1.2
2015-08-09,1.28
2015-08-10,1.26
2015-08-11,1.28
2015-08-12,1.3
2015-08-13,1.31
2015-08-14,1.34
2015-08-15,1.35
2015-08-16,1.38
2015-08-17,1.41
2015-08-18,1.42
2015-08-19,1.44
2015-08-20,1.45
2015-08-21,1.45
2015-08-22,1.47
2015-08-23,1.47
2015-08-24,1.48
2015-08-25,1.51
2015-08-26,1.52
2015-08-27,1.52
2015-08-28,1.53
2015-08-29,1.55
2015-08-30,1.57
2015-08-31,1.63
2015-09-01,1.67
2015-09-02,1.71
2015-09-03,1.75
2015-09-04,1.76
2015-09-05,1.79
2015-09-06,1.83
2015-09-07,1.68
2015-09-08,1.76
2015-09-09,1.72
2015-09-10,1.64
2015-09-11,1.71
2015-09-12,1.73
2015-09-13,1.74
2015-09-14,1.76
2015-09-15,1.78
2015-09-16,1.79
2015-09-17,1.8
2015-09-18,1.8
2015-09-19,1.79
2015-09-20,1.8
2015-09-21,1.8
2015-09-22,1.82
2015-09-23,1.6
2015-09-24,1.62
2015-09-25,1.64
2015-09-26,1.64
2015-09-27,1.65
2015-09-28,1.66
2015-09-29,1.73
2015-09-30,1.78
2015-10-01,1.66
2015-10-02,1.8
2015-10-03,1.86
2015-10-04,1.9
2015-10-05,1.91
2015-10-06,1.71
2015-10-07,1.67
2015-10-08,1.9
2015-10-09,1.91
2015-10-10,1.92
2015-10-11,1.96
2015-10-12,1.98
2015-10-13,1.45
2015-10-14,1.63
2015-10-15,1.86
2015-10-16,1.9
2015-10-17,1.92
2015-10-18,1.95
2015-10-19,1.67
2015-10-20,1.93
2015-10-21,1.98
2015-10-22,1.97
2015-10-23,1.96
2015-10-24,1.98
2015-10-25,1.97
2015-10-26,1.97
2015-10-27,1.95
2015-10-28,1.95
2015-10-29,1.97
2015-10-30,1.96
2015-10-31,1.96
2015-11-01,1.97
2015-11-02,1.97
2015-11-03,1.97
2015-11-04,1.97
2015-11-05,1.97
2015-11-06,1.97
2015-11-07,1.97
2015-11-08,1.97
2015-11-09,1.97
2015-11-10,1.97
2015-11-11,1.96
2015-11-12,1.87
2015-11-13,1.96
2015-11-14,1.95
2015-11-15,1.95
2015-11-16,1.96
2015-11-17,1.96
2015-11-18,1.97
2015-11-19,1.98
2015-11-20,1.96
2015-11-21,1.96
2015-11-22,1.96
2015-11-23,1.96
2015-11-24,1.97
2015-11-25,1.96
2015-11-26,1.97
2015-11-27,1.97
2015-11-28,1.96
2015-11-29,1.96
2015-11-30,1.95
2015-12-01,1.95
2015-12-02,1.95
2015-12-03,1.94
2015-12-04,1.95
2015-12-05,1.94
2015-12-06,1.95
2015-12-07,1.95
2015-12-08,1.95
2015-12-09,1.95
2015-12-10,1.95
2015-12-11,1.94
2015-12-12,1.95
2015-12-13,1.95
2015-12-14,1.95
2015-12-15,1.94
2015-12-16,1.95
2015-12-17,1.96
2015-12-18,1.96
2015-12-19,1.95
2015-12-20,1.95
2015-12-21,1.95
2015-12-22,1.95
2015-12-23,1.94
2015-12-24,1.94
2015-12-25,1.93
2015-12-26,1.93
2015-12-27,1.93
2015-12-28,1.93
2015-12-29,1.94
2015-12-30,1.95
2015-12-31,1.94
2016-01-01,1.94
2016-01-02,1.94
2016-01-03,1.94
2016-01-04,1.95
2016-01-05,1.95
2016-01-06,1.95
2016-01-07,1.95
2016-01-08,1.95
2016-01-09,1.95
2016-01-10,1.94
2016-01-11,1.93
2016-01-12,1.94
2016-01-13,1.94
2016-01-14,1.94
2016-01-15,1.94
2016-01-16,1.94
2016-01-17,1.93
2016-01-18,1.92
2016-01-19,1.91
2016-01-20,1.93
2016-01-21,1.93
2016-01-22,1.93
2016-01-23,1.93
2016-01-24,1.95
2016-01-25,1.95
2016-01-26,1.95
2016-01-27,1.95
2016-01-28,1.95
2016-01-29,1.95
2016-01-30,1.95
2016-01-31,1.94
2016-02-01,1.94
2016-02-02,1.97
2016-02-03,1.99
2016-02-04,1.99
2016-02-05,1.99
2016-02-06,1.99
2016-02-07,1.99
2016-02-08,1.99
2016-02-09,1.99
2016-02-10,1.99
2016-02-11,1.99
2016-02-12,1.99
2016-02-13,1.99
2016-02-14,1.99
2016-02-15,1.99
2016-02-16,1.99
2016-02-17,1.99
2016-02-18,1.99
2016-02-19,1.99
2016-02-20,1.99
2016-02-21,1.99
2016-02-22,1.99
2016-02-23,1.99
2016-02-24,1.99
2016-02-25,1.99
2016-02-26,1.99
2016-02-27,1.99
2016-02-28,1.99
2016-02-29,1.99
2016-03-01,1.99
2016-03-02,1.99
2016-03-03,1.99
2016-03-04,1.99
2016-03-05,1.99
2016-03-06,1.99
2016-03-07,1.99
2016-03-08,1.99
2016-03-09,1.99
2016-03-10,1.99
2016-03-11,1.99
2016-03-12,2.0
2016-03-13,2.0
2016-03-14,2.0
2016-03-15,1.99
2016-03-16,2.0
2016-03-17,1.99
2016-03-18,1.99
2016-03-19,1.98
2016-03-20,1.98
2016-03-21,1.98
2016-03-22,1.98
2016-03-23,1.98
2016-03-24,1.98
2016-03-25,1.98
2016-03-26,1.98
2016-03-27,1.98
2016-03-28,1.98
2016-03-29,1.98
2016-03-30,1.98
2016-03-31,1.99
2016-04-01,2.0
2016-04-02,1.99
2016-04-03,1.99
2016-04-04,1.99
2016-04-05,1.99
2016-04-06,1.99
2016-04-07,1.99
2016-04-08,1.99
2016-04-09,1.99
2016-04-10,1.99
2016-04-11,1.99
2016-04-12,1.99
2016-04-13,1.99
2016-04-14,1.99
2016-04-15,1.99
2016-04-16,1.98
2016-04-17,1.84
2016-04-18,1.73
2016-04-19,1.83
2016-04-20,1.93
2016-04-21,1.96
2016-04-22,1.99
2016-04-23,1.85
2016-04-24,1.99
2016-04-25,1.93
2016-04-26,1.97
2016-04-27,1.99
2016-04-28,1.99
2016-04-29,1.99
2016-04-30,1.99
2016-05-01,1.99
2016-05-02,1.98
2016-05-03,1.99
2016-05-04,1.99
2016-05-05,1.99
2016-05-06,1.99
2016-05-07,1.99
2016-05-08,1.99
2016-05-09,1.99
2016-05-10,1.99
2016-05-11,1.9
2016-05-12,1.96
2016-05-13,2.0
2016-05-14,1.99
2016-05-15,1.99
2016-05-16,1.99
2016-05-17,1.98
2016-05-18,1.98
2016-05-19,1.98
2016-05-20,1.98
2016-05-21,1.98
2016-05-22,1.99
2016-05-23,1.99
2016-05-24,1.99
2016-05-25,1.99
2016-05-26,1.99
2016-05-27,1.98
2016-05-28,1.98
2016-05-29,1.59
2016-05-30,1.77
2016-05-31,1.89
2016-06-01,1.91
2016-06-02,1.65
2016-06-03,0.94
2016-06-04,1.02
2016-06-05,1.17
2016-06-06,1.27
2016-06-07,1.34
2016-06-08,1.39
2016-06-09,1.41
2016-06-10,1.46
2016-06-11,1.49
2016-06-12,1.47
2016-06-13,1.48
2016-06-14,1.52
2016-06-15,1.54
2016-06-16,1.55
2016-06-17,1.55
2016-06-18,1.56
2016-06-19,1.57
2016-06-20,1.58
2016-06-21,1.58
2016-06-22,1.59
2016-06-23,1.6
2016-06-24,1.59
2016-06-25,1.6
2016-06-26,1.61
2016-06-27,1.61
2016-06-28,1.62
2016-06-29,1.64
2016-06-30,1.68
2016-07-01,1.71
2016-07-02,1.74
2016-07-03,1.75
2016-07-04,1.75
2016-07-05,1.75
2016-07-06,1.75
2016-07-07,1.77
2016-07-08,1.78
2016-07-09,1.79
2016-07-10,1.74
2016-07-11,1.64
2016-07-12,1.72
2016-07-13,1.7
2016-07-14,1.69
2016-07-15,1.7
2016-07-16,1.7
2016-07-17,1.71
2016-07-18,1.71
2016-07-19,1.72
2016-07-20,1.72
2016-07-21,1.74
2016-07-22,1.75
2016-07-23,1.74
2016-07-24,1.69
2016-07-25,1.46
2016-07-26,1.45
2016-07-27,1.5
2016-07-28,1.54
2016-07-29,1.56
2016-07-30,1.58
2016-07-31,1.54
2016-08-01,1.57
2016-08-02,1.59
2016-08-03,1.6
2016-08-04,1.61
2016-08-05,1.63
2016-08-06,1.64
2016-08-07,1.64
2016-08-08,1.66
2016-08-09,1.67
2016-08-10,1.69
2016-08-11,1.72
2016-08-12,1.74
2016-08-13,1.74
2016-08-14,1.74
2016-08-15,1.75
2016-08-16,1.77
2016-08-17,1.77
2016-08-18,1.78
2016-08-19,1.79
2016-08-20,1.79
2016-08-21,1.83
2016-08-22,1.88
2016-08-23,1.92
2016-08-24,1.95
2016-08-25,1.97
2016-08-26,1.98
2016-08-27,1.96
2016-08-28,1.92
2016-08-29,1.98
2016-08-30,1.98
2016-08-31,1.98
2016-09-01,1.98
2016-09-02,1.98
2016-09-03,1.98
2016-09-04,1.98
2016-09-05,1.98
2016-09-06,1.98
2016-09-07,1.99
2016-09-08,1.99
2016-09-09,1.99
2016-09-10,1.99
2016-09-11,1.99
2016-09-12,1.99
2016-09-13,1.99
2016-09-14,1.99
2016-09-15,1.99
2016-09-16,1.99
2016-09-17,1.99
2016-09-18,1.99
2016-09-19,1.99
2016-09-20,1.99
2016-09-21,1.99
2016-09-22,1.99
2016-09-23,1.99
2016-09-24,1.99
2016-09-25,1.99
2016-09-26,1.99
2016-09-27,1.99
2016-09-28,1.99
2016-09-29,1.99
2016-09-30,1.99
2016-10-01,1.99
2016-10-02,1.99
2016-10-03,1.99
2016-10-04,1.97
2016-10-05,1.98
2016-10-06,1.99
2016-10-07,1.98
2016-10-08,1.99
2016-10-09,1.99
2016-10-10,1.99
2016-10-11,1.99
2016-10-12,1.99
2016-10-13,1.99
2016-10-14,1.99
2016-10-15,1.9
2016-10-16,1.84
2016-10-17,1.92
2016-10-18,1.96
2016-10-19,1.98
2016-10-20,1.98
2016-10-21,1.99
2016-10-22,1.98
2016-10-23,1.98
2016-10-24,1.98
2016-10-25,1.98
2016-10-26,1.98
2016-10-27,1.98
2016-10-28,1.98
2016-10-29,1.98
2016-10-30,1.98
2016-10-31,1.98
2016-11-01,1.98
2016-11-02,1.98
2016-11-03,1.98
2016-11-04,1.99
2016-11-05,1.99
2016-11-06,1.99
2016-11-07,1.99
2016-11-08,1.99
2016-11-09,1.98
2016-11-10,1.99
2016-11-11,1.99
2016-11-12,1.99
2016-11-13,2.0
2016-11-14,1.99
2016-11-15,1.99
2016-11-16,1.98
2016-11-17,1.99
2016-11-18,1.99
2016-11-19,1.99
2016-11-20,1.98
2016-11-21,1.98
2016-11-22,1.98
2016-11-23,1.97
2016-11-24,1.97
2016-11-25,1.98
2016-11-26,1.98
2016-11-27,1.97
2016-11-28,1.98
2016-11-29,1.99
2016-11-30,1.99
2016-12-01,1.99
2016-12-02,1.99
2016-12-03,1.99
2016-12-04,1.99
2016-12-05,1.99
2016-12-06,1.99
2016-12-07,1.99
2016-12-08,1.98
2016-12-09,1.84
2016-12-10,1.96
2016-12-11,1.98
2016-12-12,1.98
2016-12-13,1.98
2016-12-14,1.99
2016-12-15,1.99
2016-12-16,1.99
2016-12-17,1.99
2016-12-18,1.98
2016-12-19,1.98
2016-12-20,1.98
2016-12-21,1.98
2016-12-22,1.98
2016-12-23,1.98
2016-12-24,1.98
2016-12-25,1.98
2016-12-26,1.95
2016-12-27,1.97
2016-12-28,1.98
2016-12-29,1.98
2016-12-30,1.98
2016-12-31,1.98
2017-01-01,1.98
2017-01-02,1.98
2017-01-03,1.99
2017-01-04,1.98
2017-01-05,1.98
2017-01-06,1.99
2017-01-07,1.99
2017-01-08,1.98
2017-01-09,1.98
2017-01-10,1.98
2017-01-11,1.98
2017-01-12,1.99
2017-01-13,1.99
2017-01-14,1.99
2017-01-15,1.99
2017-01-16,1.99
2017-01-17,2.0
2017-01-18,2.0
2017-01-19,2.0
2017-01-20,2.0
2017-01-21,2.0
2017-01-22,2.0
2017-01-23,2.0
2017-01-24,1.99
2017-01-25,2.0
2017-01-26,2.0
2017-01-27,1.99
2017-01-28,1.98
2017-01-29,1.98
2017-01-30,1.98
2017-01-31,1.98
2017-02-01,1.99
2017-02-02,1.99
2017-02-03,1.99
2017-02-04,1.98
2017-02-05,1.98
2017-02-06,1.99
2017-02-07,1.99
2017-02-08,1.99
2017-02-09,1.99
2017-02-10,1.99
2017-02-11,1.99
2017-02-12,1.99
2017-02-13,1.99
2017-02-14,1.99
2017-02-15,1.99
2017-02-16,1.99
2017-02-17,1.99
2017-02-18,1.99
2017-02-19,1.99
2017-02-20,1.99
2017-02-21,1.99
2017-02-22,1.99
2017-02-23,1.99
2017-02-24,1.99
2017-02-25,1.99
2017-02-26,1.98
2017-02-27,1.99
2017-02-28,1.99
2017-03-01,1.99
2017-03-02,1.98
2017-03-03,1.99
2017-03-04,1.99
2017-03-05,1.99
2017-03-06,1.99
2017-03-07,1.99
2017-03-08,1.99
2017-03-09,1.99
2017-03-10,1.99
2017-03-11,1.99
2017-03-12,1.99
2017-03-13,1.99
2017-03-14,1.99
2017-03-15,1.99
2017-03-16,1.99
2017-03-17,0.94
2017-03-18,-0.73
2017-03-19,-0.69
2017-03-20,-0.42
2017-03-21,-0.74
2017-03-22,-0.96
2017-03-23,-1.19
2017-03-24,-1.06
2017-03-25,-0.99
2017-03-26,-0.71
2017-03-27,-0.93
2017-03-28,-0.95
2017-03-29,-0.78
2017-03-30,-0.2
2017-03-31,-0.53
2017-04-01,-0.84
2017-04-02,-0.54
2017-04-03,-1.15
2017-04-04,-1.19
2017-04-05,-0.98
2017-04-06,-1.15
2017-04-07,-1.1
2017-04-08,-0.5
2017-04-09,-0.6
2017-04-10,-0.93
2017-04-11,-1.34
2017-04-12,-1.35
2017-04-13,-1.3
2017-04-14,-1.21
2017-04-15,-1.15
2017-04-16,-1.23
2017-04-17,-1.12
2017-04-18,0.12
2017-04-19,0.37
2017-04-20,0.85
2017-04-21,0.68
2017-04-22,0.43
2017-04-23,0.42
2017-04-24,0.33
2017-04-25,0.53
2017-04-26,-0.03
2017-04-27,-0.8
2017-04-28,-1.21
2017-04-29,-1.2
2017-04-30,-1.29
2017-05-01,-1.49
2017-05-02,-1.41
2017-05-03,-1.45
2017-05-04,-1.44
2017-05-05,-1.28
2017-05-06,-1.32
2017-05-07,-0.72
2017-05-08,0.59
2017-05-09,-0.22
2017-05-10,-0.29
2017-05-11,26.21
2017-05-12,50.74
2017-05-13,39.88
2017-05-14,37.88
2017-05-15,31.19
2017-05-16,26.93
2017-05-17,23.62
2017-05-18,31.63
2017-05-19,32.39
2017-05-20,29.24
2017-05-21,26.47
2017-05-22,21.46
2017-05-23,19.61
2017-05-24,25.24
2017-05-25,41.82
2017-05-26,41.17
2017-05-27,36.9
2017-05-28,34.4
2017-05-29,32.42
2017-05-30,30.68
2017-05-31,29.37
2017-06-01,28.01
2017-06-02,26.52
2017-06-03,25.53
2017-06-04,24.06
2017-06-05,23.57
2017-06-06,22.88
2017-06-07,23.69
2017-06-08,28.73
2017-06-09,27.64
2017-06-10,26.25
2017-06-11,25.39
2017-06-12,25.23
2017-06-13,24.35
2017-06-14,23.27
2017-06-15,21.98
2017-06-16,30.06
2017-06-17,45.5
2017-06-18,36.95
2017-06-19,34.1
2017-06-20,31.27
2017-06-21,30.43
2017-06-22,30.48
2017-06-23,33.0
2017-06-24,30.38
2017-06-25,28.81
2017-06-26,28.43
2017-06-27,30.27
2017-06-28,29.45
2017-06-29,28.51
2017-06-30,27.64
2017-07-01,26.59
2017-07-02,25.7
2017-07-03,25.43
2017-07-04,26.47
2017-07-05,26.36
2017-07-06,25.98
2017-07-07,25.42
2017-07-08,24.94
2017-07-09,24.59
2017-07-10,23.74
2017-07-11,23.18
2017-07-12,21.8
2017-07-13,19.93
2017-07-14,19.36
2017-07-15,25.14
2017-07-16,26.8
2017-07-17,25.63
2017-07-18,24.21
2017-07-19,22.12
2017-07-20,20.71
2017-07-21,19.52
2017-07-22,18.45
2017-07-23,20.17
2017-07-24,24.97
2017-07-25,22.92
2017-07-26,21.5
2017-07-27,19.8
2017-07-28,18.79
2017-07-29,18.81
2017-07-30,17.76
2017-07-31,17.53
2017-08-01,17.89
2017-08-02,18.36
2017-08-03,17.0
2017-08-04,15.3
2017-08-05,13.03
2017-08-06,10.9
2017-08-07,10.29
2017-08-08,8.63
2017-08-09,8.9
2017-08-10,13.57
2017-08-11,13.95
2017-08-12,14.13
2017-08-13,13.02
2017-08-14,12.85
2017-08-15,11.55
2017-08-16,10.49
2017-08-17,9.07
2017-08-18,6.9
2017-08-19,15.7
2017-08-20,13.63
2017-08-21,10.1
2017-08-22,7.95
2017-08-23,7.44
2017-08-24,6.72
2017-08-25,6.57
2017-08-26,3.66
2017-08-27,1.32
2017-08-28,0.42
2017-08-29,0.75
2017-08-30,-0.2
2017-08-31,-0.58
2017-09-01,-0.45
2017-09-02,-0.32
2017-09-03,1.27
2017-09-04,0.36
2017-09-05,-0.7
2017-09-06,-0.64
2017-09-07,-0.07
2017-09-08,-0.14
2017-09-09,0.33
2017-09-10,5.66
2017-09-11,5.17
2017-09-12,2.95
2017-09-13,0.45
2017-09-14,0.17
2017-09-15,-0.2
2017-09-16,-0.5
2017-09-17,-0.91
2017-09-18,-0.99
2017-09-19,-0.69
2017-09-20,0.0
2017-09-21,-0.65
2017-09-22,-0.86
2017-09-23,-0.89
2017-09-24,-0.82
2017-09-25,-0.85
2017-09-26,-1.12
2017-09-27,-1.13
2017-09-28,-0.76
2017-09-29,0.0
2017-09-30,0.05
2017-10-01,0.82
2017-10-02,0.12
2017-10-03,0.02
2017-10-04,-1.2
2017-10-05,16.09
2017-10-06,4.57
2017-10-07,-0.9
2017-10-08,-0.4
2017-10-09,-0.34
2017-10-10,-0.28
2017-10-11,0.67
2017-10-12,0.91
2017-10-13,0.12
2017-10-14,-0.28
2017-10-15,-0.5
2017-10-16,-0.61
2017-10-17,-0.71
2017-10-18,-0.88
2017-10-19,-0.79
2017-10-20,-1.0
2017-10-21,-1.21
2017-10-22,-1.31
2017-10-23,-1.36
2017-10-24,-1.35
2017-10-25,-0.55
2017-10-26,-0.5
2017-10-27,-0.59
2017-10-28,-0.81
2017-10-29,-0.95
2017-10-30,-0.83
2017-10-31,-1.05
2017-11-01,-1.19
2017-11-02,-0.08
2017-11-03,-0.26
2017-11-04,0.07
2017-11-05,0.91
2017-11-06,-0.24
2017-11-07,0.41
2017-11-08,0.55
2017-11-09,0.12
2017-11-10,-0.47
2017-11-11,-0.78
2017-11-12,-1.05
2017-11-13,-0.91
2017-11-14,-0.75
2017-11-15,-0.77
2017-11-16,-0.2
2017-11-17,-0.33
2017-11-18,-0.21
2017-11-19,-0.69
2017-11-20,-0.96
2017-11-21,-0.76
2017-11-22,-0.84
2017-11-23,-0.9
2017-11-24,-0.7
2017-11-25,-0.89
2017-11-26,-1.11
2017-11-27,-0.9
2017-11-28,-0.64
2017-11-29,-0.08
2017-11-30,-0.38
2017-12-01,-0.19
2017-12-02,-0.03
2017-12-03,0.1
2017-12-04,-0.3
2017-12-05,-0.34
2017-12-06,-0.56
2017-12-07,-0.59
2017-12-08,-0.83
2017-12-09,-0.76
2017-12-10,-0.85
2017-12-11,-0.44
2017-12-12,0.53
2017-12-13,0.46
2017-12-14,0.1
2017-12-15,-0.04
2017-12-16,0.17
2017-12-17,0.3
2017-12-18,-0.18
2017-12-19,-0.29
2017-12-20,-0.43
2017-12-21,-0.32
2017-12-22,-0.35
2017-12-23,-0.28
2017-12-24,-0.1
2017-12-25,0.28
2017-12-26,0.4
2017-12-27,0.63
2017-12-28,0.38
2017-12-29,0.28
2017-12-30,0.62
2017-12-31,0.88
2018-01-01,0.78
2018-01-02,0.84
2018-01-03,0.84
2018-01-04,0.69
2018-01-05,0.92
2018-01-06,0.59
2018-01-07,0.19
2018-01-08,0.11
2018-01-09,1.17
2018-01-10,1.08
2018-01-11,0.86
2018-01-12,0.66
2018-01-13,0.89
2018-01-14,1.06
2018-01-15,1.34
2018-01-16,1.05
2018-01-17,0.82
2018-01-18,0.3
2018-01-19,0.07
2018-01-20,0.14
2018-01-21,0.39
2018-01-22,0.23
2018-01-23,0.36
2018-01-24,0.33
2018-01-25,0.3
2018-01-26,0.1
2018-01-27,-0.29
2018-01-28,-0.39
2018-01-29,-0.33
2018-01-30,-0.05
2018-01-31,-0.2
2018-02-01,-0.2
2018-02-02,-0.2
2018-02-03,-0.11
2018-02-04,0.27
2018-02-05,0.55
2018-02-06,0.62
2018-02-07,0.36
2018-02-08,0.59
2018-02-09,0.58
2018-02-10,0.22
2018-02-11,-0.08
2018-02-12,-0.18
2018-02-13,-0.26
2018-02-14,-0.06
2018-02-15,-0.03
2018-02-16,-0.27
2018-02-17,-0.07
2018-02-18,0.57
2018-02-19,0.54
2018-02-20,0.68
2018-02-21,0.16
2018-02-22,0.3
2018-02-23,0.47
2018-02-24,0.63
2018-02-25,0.41
2018-02-26,0.21
2018-02-27,0.42
2018-02-28,0.39
2018-03-01,0.3
2018-03-02,-0.27
2018-03-03,-0.32
2018-03-04,-0.16
2018-03-05,-0.3
2018-03-06,-0.43
2018-03-07,-0.68
2018-03-08,-0.58
2018-03-09,-0.36
2018-03-10,-0.38
2018-03-11,-0.59
2018-03-12,-0.68
2018-03-13,-0.68
2018-03-14,-0.69
2018-03-15,-0.7
2018-03-16,-0.8
2018-03-17,-0.83
2018-03-18,0.04
2018-03-19,-0.64
2018-03-20,-0.72
2018-03-21,-0.72
2018-03-22,-0.8
2018-03-23,-0.93
2018-03-24,-0.71
2018-03-25,-1.07
2018-03-26,-0.96
2018-03-27,-1.05
2018-03-28,-1.27
2018-03-29,-0.95
2018-03-30,-1.21
2018-03-31,-1.18
2018-04-01,-1.01
2018-04-02,-0.95
2018-04-03,-1.13
2018-04-04,-1.23
2018-04-05,-0.95
2018-04-06,-0.85
2018-04-07,-0.83
2018-04-08,-1.07
2018-04-09,-1.23
2018-04-10,-0.86
2018-04-11,-0.17
2018-04-12,-0.68
2018-04-13,-1.0
2018-04-14,-1.04
2018-04-15,-1.15
2018-04-16,-1.2
2018-04-17,-1.09
2018-04-18,-0.83
2018-04-19,-0.8
2018-04-20,-0.69
2018-04-21,-0.65
2018-04-22,-0.48
2018-04-23,-0.62
2018-04-24,-0.5
2018-04-25,-0.49
2018-04-26,-0.52
2018-04-27,-0.69
2018-04-28,-0.64
2018-04-29,-0.89
2018-04-30,-1.09
2018-05-01,-1.1
2018-05-02,-0.27
2018-05-03,4.17
2018-05-04,3.28
2018-05-05,3.78
2018-05-06,3.7
2018-05-07,4.23
2018-05-08,4.21
2018-05-09,4.92
2018-05-10,7.43
2018-05-11,3.91
2018-05-12,3.98
2018-05-13,3.86
2018-05-14,4.19
2018-05-15,4.07
2018-05-16,4.06
2018-05-17,4.06
2018-05-18,3.87
2018-05-19,3.75
2018-05-20,3.75
2018-05-21,3.82
2018-05-22,3.75
2018-05-23,3.69
2018-05-24,3.48
2018-05-25,3.43
2018-05-26,3.45
2018-05-27,3.51
2018-05-28,3.63
2018-05-29,19.34
2018-05-30,24.1
2018-05-31,14.38
2018-06-01,8.4
2018-06-02,7.82
2018-06-03,5.8
2018-06-04,3.7
2018-06-05,4.04
2018-06-06,4.28
2018-06-07,4.0
2018-06-08,3.95
2018-06-09,3.94
2018-06-10,15.89
2018-06-11,18.02
2018-06-12,17.4
2018-06-13,15.07
2018-06-14,10.05
2018-06-15,9.79
2018-06-16,8.48
2018-06-17,7.36
2018-06-18,6.79
2018-06-19,
2018-06-20,
2018-06-21,
2018-06-22,
2018-06-23,
2018-06-24,
2018-06-25,
2018-06-26,
2018-06-27,
2018-06-28,
2018-06-29,
2018-06-30,
2018-07-01,
2018-07-02,
2018-07-03,
2018-07-04,
2018-07-05,
2018-07-06,
2018-07-07,
2018-07-08,
2018-07-09,
2018-07-10,
2018-07-11,
2018-07-12,
2018-07-13,
2018-07-14,
2018-07-15,
2018-07-16,
2018-07-17,
2018-07-18,
2018-07-19,
2018-07-20,
2018-07-21,
2018-07-22,
2018-07-23,
2018-07-24,
2018-07-25,
2018-07-26,
2018-07-27,
2018-07-28,
2018-07-29,
2018-07-30,
2018-07-31,
2018-08-01,
2018-08-02,
2018-08-03,
2018-08-04,
2018-08-05,
2018-08-06,
2018-08-07,
2018-08-08,
2018-08-09,
2018-08-10,
2018-08-11,
2018-08-12,
2018-08-13,
2018-08-14,
2018-08-15,
2018-08-16,
2018-08-17,
2018-08-18,
2018-08-19,
2018-08-20,
2018-08-21,
2018-08-22,
2018-08-23,
2018-08-24,
2018-08-25,
2018-08-26,
2018-08-27,
2018-08-28,
2018-08-29,
2018-08-30,
2018-08-31,
2018-09-01,
2018-09-02,
2018-09-03,
2018-09-04,
2018-09-05,
2018-09-06,
2018-09-07,
2018-09-08,
2018-09-09,
2018-09-10,
2018-09-11,
2018-09-12,
2018-09-13,
2018-09-14,
2018-09-15,
2018-09-16,
2018-09-17,
2018-09-18,
2018-09-19,
2018-09-20,
2018-09-21,
2018-09-22,
2018-09-23,
2018-09-24,
2018-09-25,
2018-09-26,
2018-09-27,
2018-09-28,
2018-09-29,
2018-09-30,
2018-10-01,
2018-10-02,
2018-10-03,
2018-10-04,
2018-10-05,
2018-10-06,
2018-10-07,
2018-10-08,
2018-10-09,
2018-10-10,
2018-10-11,
2018-10-12,
2018-10-13,
2018-10-14,
2018-10-15,
2018-10-16,
2018-10-17,
2018-10-18,
2018-10-19,
2018-10-20,
2018-10-21,
2018-10-22,
2018-10-23,
2018-10-24,
2018-10-25,
2018-10-26,
2018-10-27,
2018-10-28,
2018-10-29,
2018-10-30,
2018-10-31,
2018-11-01,
2018-11-02,
2018-11-03,
2018-11-04,
2018-11-05,
2018-11-06,
2018-11-07,
2018-11-08,
2018-11-09,
2018-11-10,
2018-11-11,
2018-11-12,
2018-11-13,
2018-11-14,
2018-11-15,
2018-11-16,
2018-11-17,
2018-11-18,
2018-11-19,
2018-11-20,
2018-11-21,
2018-11-22,
2018-11-23,
2018-11-24,
2018-11-25,
2018-11-26,
2018-11-27,5.28
2018-11-28,5.42
2018-11-29,5.49
2018-11-30,5.28
2018-12-01,5.18
2018-12-02,5.22
2018-12-03,5.25
2018-12-04,5.58
2018-12-05,60.59
2018-12-06,5.57
2018-12-07,5.03
2018-12-08,5.07
2018-12-09,4.91
2018-12-10,4.39
2018-12-11,5.03
2018-12-12,4.66
2018-12-13,4.98
2018-12-14,4.77
2018-12-15,4.28
2018-12-16,4.36
2018-12-17,4.33
2018-12-18,4.8
2018-12-19,4.62
2018-12-20,4.64
2018-12-21,4.12
2018-12-22,4.4
2018-12-23,4.26
2018-12-24,3.88
2018-12-25,4.2
2018-12-26,4.38
2018-12-27,4.73
2018-12-28,4.52
2018-12-29,4.12
2018-12-30,4.03
2018-12-31,4.08
2019-01-01,4.12
2019-01-02,4.03
2019-01-03,3.92
2019-01-04,3.69
2019-01-05,3.86
2019-01-06,5.01
2019-01-07,5.22
2019-01-08,5.18
2019-01-09,5.14
2019-01-10,5.05
2019-01-11,4.75
2019-01-12,4.97
2019-01-13,5.15
2019-01-14,5.16
2019-01-15,4.79
2019-01-16,4.74
2019-01-17,4.9
2019-01-18,4.29
2019-01-19,4.08
2019-01-20,3.8
2019-01-21,4.32
2019-01-22,4.25
2019-01-23,3.87
2019-01-24,3.75
2019-01-25,3.61
2019-01-26,3.58
2019-01-27,3.6
2019-01-28,3.66
2019-01-29,3.68
2019-01-30,3.88
2019-01-31,3.98
2019-02-01,4.0
2019-02-02,4.29
2019-02-03,4.8
2019-02-04,4.35
2019-02-05,3.94
2019-02-06,3.86
2019-02-07,3.77
2019-02-08,4.36
2019-02-09,4.51
2019-02-10,4.62
2019-02-11,5.23
2019-02-12,5.15
2019-02-13,5.26
2019-02-14,4.78
2019-02-15,4.55
2019-02-16,4.55
2019-02-17,4.76
2019-02-18,5.26
2019-02-19,5.17
2019-02-20,5.08
2019-02-21,5.0
2019-02-22,4.74
2019-02-23,4.77
2019-02-24,4.85
2019-02-25,4.7
2019-02-26,4.53
2019-02-27,4.22
2019-02-28,4.22
2019-03-01,4.29
2019-03-02,4.3
2019-03-03,4.72
2019-03-04,4.92
2019-03-05,4.63
2019-03-06,4.42
2019-03-07,4.39
2019-03-08,4.47
2019-03-09,4.83
2019-03-10,4.82
2019-03-11,4.67
2019-03-12,4.51
2019-03-13,4.33
2019-03-14,4.01
2019-03-15,4.22
2019-03-16,4.54
2019-03-17,4.52
2019-03-18,4.26
2019-03-19,4.55
2019-03-20,4.17
2019-03-21,4.08
2019-03-22,4.03
2019-03-23,3.85
2019-03-24,3.85
2019-03-25,4.01
2019-03-26,4.34
2019-03-27,4.29
2019-03-28,4.25
2019-03-29,4.27
2019-03-30,4.24
2019-03-31,4.93
2019-04-01,4.62
2019-04-02,4.27
2019-04-03,4.13
2019-04-04,4.32
2019-04-05,4.58
2019-04-06,4.3
2019-04-07,4.09
2019-04-08,4.12
2019-04-09,4.45
2019-04-10,4.48
2019-04-11,4.04
2019-04-12,4.07
2019-04-13,4.25
2019-04-14,4.26
2019-04-15,4.1
2019-04-16,4.03
2019-04-17,4.05
2019-04-18,4.15
2019-04-19,4.34
2019-04-20,4.29
2019-04-21,4.34
2019-04-22,4.29
2019-04-23,4.35
2019-04-24,4.33
2019-04-25,4.8
2019-04-26,4.86
2019-04-27,4.52
2019-04-28,4.33
2019-04-29,4.21
2019-04-30,4.34
2019-05-01,4.13
2019-05-02,4.15
2019-05-03,4.1
2019-05-04,4.25
2019-05-05,4.12
2019-05-06,3.92
2019-05-07,4.72
2019-05-08,4.77
2019-05-09,4.71
2019-05-10,4.69
2019-05-11,4.31
2019-05-12,4.12
2019-05-13,3.89
2019-05-14,3.85
2019-05-15,3.75
2019-05-16,3.79
2019-05-17,4.15
2019-05-18,5.04
2019-05-19,4.82
2019-05-20,4.78
2019-05-21,4.94
2019-05-22,4.8
2019-05-23,4.42
2019-05-24,4.26
2019-05-25,4.5
2019-05-26,4.58
2019-05-27,4.71
2019-05-28,4.76
2019-05-29,11.4
2019-05-30,19.6
2019-05-31,6.23
2019-06-01,4.81
2019-06-02,4.67
2019-06-03,4.5
2019-06-04,4.47
2019-06-05,4.5
2019-06-06,4.5
2019-06-07,4.98
2019-06-08,4.78
2019-06-09,4.58
2019-06-10,4.57
2019-06-11,4.53
2019-06-12,4.3
2019-06-13,4.97
2019-06-14,4.81
2019-06-15,7.9
2019-06-16,10.03
2019-06-17,7.35
2019-06-18,7.95
2019-06-19,6.55
2019-06-20,4.35
2019-06-21,4.37
2019-06-22,4.33
2019-06-23,4.47
2019-06-24,5.82
2019-06-25,19.0
2019-06-26,4.85
2019-06-27,5.11
2019-06-28,38.92
2019-06-29,68.28
2019-06-30,12.6
2019-07-01,9.75
2019-07-02,9.42
2019-07-03,7.5
2019-07-04,5.45
2019-07-05,4.28
2019-07-06,4.1
2019-07-07,4.71
2019-07-08,4.64
2019-07-09,4.4
2019-07-10,4.24
2019-07-11,4.1
2019-07-12,4.5
2019-07-13,4.48
2019-07-14,4.37
2019-07-15,4.37
2019-07-16,4.36
2019-07-17,4.55
2019-07-18,4.7
2019-07-19,4.79
2019-07-20,4.67
2019-07-21,4.97
2019-07-22,6.69
2019-07-23,5.35
2019-07-24,4.03
2019-07-25,4.2
2019-07-26,4.52
2019-07-27,4.42
2019-07-28,4.55
2019-07-29,19.21
2019-07-30,4.66
2019-07-31,4.55
2019-08-01,4.28
2019-08-02,4.52
2019-08-03,4.28
2019-08-04,4.21
2019-08-05,4.18
2019-08-06,4.53
2019-08-07,4.61
2019-08-08,4.65
2019-08-09,4.39
2019-08-10,4.36
2019-08-11,4.76
2019-08-12,4.39
2019-08-13,4.22
2019-08-14,4.27
2019-08-15,4.39
2019-08-16,4.5
2019-08-17,4.6
2019-08-18,4.6
2019-08-19,24.73
2019-08-20,11.73
2019-08-21,17.89
2019-08-22,16.6
2019-08-23,4.58
2019-08-24,4.75
2019-08-25,4.78
2019-08-26,4.61
2019-08-27,4.4
2019-08-28,4.42
2019-08-29,4.5
2019-08-30,4.57
2019-08-31,4.75
2019-09-01,4.67
2019-09-02,4.38
2019-09-03,4.33
2019-09-04,4.39
2019-09-05,4.63
2019-09-06,4.75
2019-09-07,34.44
2019-09-08,10.57
2019-09-09,104.13
2019-09-10,48.52
2019-09-11,19.63
2019-09-12,4.62
2019-09-13,4.5
2019-09-14,4.63
2019-09-15,4.71
2019-09-16,3.78
2019-09-17,4.52
2019-09-18,4.58
2019-09-19,5.83
2019-09-20,3.97
2019-09-21,4.38
2019-09-22,4.37
2019-09-23,4.47
2019-09-24,4.24
2019-09-25,4.39
2019-09-26,4.05
2019-09-27,4.43
2019-09-28,4.3
2019-09-29,4.46
2019-09-30,4.62
2019-10-01,7.66
2019-10-02,7.58
2019-10-03,4.67
2019-10-04,5.7
2019-10-05,4.19
2019-10-06,4.24
2019-10-07,4.34
2019-10-08,4.31
2019-10-09,4.31
2019-10-10,4.11
2019-10-11,4.37
2019-10-12,4.22
2019-10-13,4.39
2019-10-14,49.86
2019-10-15,87.0
2019-10-16,5.63
2019-10-17,17.46
2019-10-18,4.71
2019-10-19,4.83
2019-10-20,4.32
2019-10-21,4.71
2019-10-22,4.56
2019-10-23,4.4
2019-10-24,4.59
2019-10-25,4.43
2019-10-26,4.52
2019-10-27,4.4
2019-10-28,4.41
2019-10-29,4.45
2019-10-30,4.38
2019-10-31,4.24
2019-11-01,4.46
2019-11-02,4.16
2019-11-03,4.18
2019-11-04,4.25
2019-11-05,4.33
2019-11-06,4.32
2019-11-07,4.51
2019-11-08,4.81
2019-11-09,4.62
2019-11-10,4.46
2019-11-11,4.54
2019-11-12,4.78
2019-11-13,4.86
2019-11-14,5.01
2019-11-15,5.03
2019-11-16,4.95
2019-11-17,4.94
2019-11-18,4.88
2019-11-19,4.73
2019-11-20,4.73
2019-11-21,4.96
2019-11-22,5.04
2019-11-23,4.98
2019-11-24,5.01
2019-11-25,25.56
2019-11-26,4.47
2019-11-27,5.04
2019-11-28,5.0
2019-11-29,5.1
2019-11-30,4.79
2019-12-01,4.83
2019-12-02,4.98
2019-12-03,5.06
2019-12-04,4.97
2019-12-05,4.7
2019-12-06,4.99
2019-12-07,5.14
2019-12-08,4.93
2019-12-09,4.95
2019-12-10,4.85
2019-12-11,4.95
2019-12-12,4.96
2019-12-13,4.91
2019-12-14,5.04
2019-12-15,4.98
2019-12-16,4.88
2019-12-17,4.79
2019-12-18,4.71
2019-12-19,4.47
2019-12-20,1.27
2019-12-21,4.91
2019-12-22,4.73
2019-12-23,4.84
2019-12-24,4.86
2019-12-25,5.0
2019-12-26,4.89
2019-12-27,4.89
2019-12-28,4.85
2019-12-29,4.86
2019-12-30,4.76
2019-12-31,4.87
2020-01-01,4.95
2020-01-02,4.87
2020-01-03,4.89
2020-01-04,4.98
2020-01-05,4.59
2020-01-06,4.87
2020-01-07,4.81
2020-01-08,5.06
2020-01-09,4.97
2020-01-10,4.91
2020-01-11,4.89
2020-01-12,4.9
2020-01-13,4.88
2020-01-14,4.74
2020-01-15,4.68
2020-01-16,4.4
2020-01-17,4.4
2020-01-18,
2020-01-19,4.3
2020-01-20,4.24
2020-01-21,4.43
2020-01-22,4.38
2020-01-23,4.47
2020-01-24,4.31
2020-01-25,4.26
2020-01-26,4.53
2020-01-27,4.58
2020-01-28,4.36
2020-01-29,65.58
2020-01-30,3.79
2020-01-31,4.1
2020-02-01,4.06
2020-02-02,4.24
2020-02-03,4.27
2020-02-04,5.72
2020-02-05,4.24
2020-02-06,3.91
2020-02-07,4.23
2020-02-08,4.17
2020-02-09,4.24
2020-02-10,4.35
2020-02-11,4.29
2020-02-12,4.6
2020-02-13,4.33
2020-02-14,4.31
2020-02-15,4.41
2020-02-16,4.52
2020-02-17,4.56
2020-02-18,4.31
2020-02-19,4.46
2020-02-20,4.49
2020-02-21,4.49
2020-02-22,10.24
2020-02-23,4.43
2020-02-24,4.42
2020-02-25,4.44
2020-02-26,4.32
2020-02-27,4.43
2020-02-28,4.42
2020-02-29,4.43
2020-03-01,4.33
2020-03-02,4.29
2020-03-03,4.27
2020-03-04,4.28
2020-03-05,4.25
2020-03-06,4.27
2020-03-07,4.51
2020-03-08,4.51
2020-03-09,4.5
2020-03-10,4.38
2020-03-11,4.49
2020-03-12,4.43
2020-03-13,4.42
2020-03-14,4.44
2020-03-15,4.45
2020-03-16,4.48
2020-03-17,4.43
2020-03-18,4.41
2020-03-19,4.47
2020-03-20,4.32
2020-03-21,4.46
2020-03-22,4.46
2020-03-23,4.38
2020-03-24,4.52
2020-03-25,4.46
2020-03-26,4.38
2020-03-27,4.51
2020-03-28,4.54
2020-03-29,4.53
2020-03-30,4.6
2020-03-31,4.5
2020-04-01,4.56
2020-04-02,4.28
2020-04-03,4.28
2020-04-04,4.22
2020-04-05,4.36
2020-04-06,4.27
2020-04-07,4.4
2020-04-08,4.33
2020-04-09,4.26
2020-04-10,6.08
2020-04-11,4.31
2020-04-12,7.5
2020-04-13,4.0
2020-04-14,14.1
2020-04-15,4.2
2020-04-16,4.15
2020-04-17,3.87
2020-04-18,3.72
2020-04-19,3.75
2020-04-20,3.81
2020-04-21,3.79
2020-04-22,4.15
2020-04-23,4.17
2020-04-24,4.09
2020-04-25,4.26
2020-04-26,4.29
2020-04-27,4.21
2020-04-28,3.98
2020-04-29,3.94
2020-04-30,4.09
2020-05-01,4.02
2020-05-02,3.93
2020-05-03,4.14
2020-05-04,4.24
2020-05-05,4.1
2020-05-06,4.06
2020-05-07,4.23
2020-05-08,4.31
2020-05-09,4.63
2020-05-10,14.32
2020-05-11,4.45
2020-05-12,4.64
2020-05-13,4.44
2020-05-14,4.44
2020-05-15,4.34
2020-05-16,4.2
2020-05-17,4.26
2020-05-18,4.36
2020-05-19,4.48
2020-05-20,27.32
2020-05-21,101.37
2020-05-22,6.96
2020-05-23,-21.09
2020-05-24,4.51
2020-05-25,4.48
2020-05-26,4.4
2020-05-27,4.41
2020-05-28,4.74
2020-05-29,4.51
2020-05-30,4.52
2020-05-31,68.5
2020-06-01,4.54
2020-06-02,7.4
2020-06-03,82.91
2020-06-04,7.36
2020-06-05,5.96
2020-06-06,4.5
2020-06-07,4.55
2020-06-08,4.58
2020-06-09,4.54
2020-06-10,4.5
2020-06-11,4.57
2020-06-12,16.16
2020-06-13,16.99
2020-06-14,12.08
2020-06-15,10.31
2020-06-16,9.89
2020-06-17,58.83
2020-06-18,36.04
2020-06-19,9.03
2020-06-20,8.77
2020-06-21,7.98
2020-06-22,41.28
2020-06-23,129.83
2020-06-24,50.56
2020-06-25,28.7
2020-06-26,85.68
2020-06-27,22.77
2020-06-28,22.05
2020-06-29,42.88
2020-06-30,36.8
2020-07-01,92.69
2020-07-02,48.48
2020-07-03,39.09
2020-07-04,51.49
2020-07-05,53.41
2020-07-06,54.57
2020-07-07,49.25
2020-07-08,50.09
2020-07-09,46.13
2020-07-10,44.98
2020-07-11,43.38
2020-07-12,41.79
2020-07-13,40.56
2020-07-14,39.83
2020-07-15,39.55
2020-07-16,39.09
2020-07-17,38.04
2020-07-18,37.28
2020-07-19,36.02
2020-07-20,39.17
2020-07-21,65.86
2020-07-22,145.94
2020-07-23,64.11
2020-07-24,36.13
2020-07-25,36.19
2020-07-26,35.85
2020-07-27,79.12
2020-07-28,55.16
2020-07-29,37.44
2020-07-30,36.62
2020-07-31,35.42
2020-08-01,33.34
2020-08-02,30.84
2020-08-03,27.48
2020-08-04,24.95
2020-08-05,23.64
2020-08-06,27.94
2020-08-07,20.35
2020-08-08,18.83
2020-08-09,18.72
2020-08-10,17.28
2020-08-11,16.63
2020-08-12,17.05
2020-08-13,16.38
2020-08-14,16.4
2020-08-15,14.99
2020-08-16,14.0
2020-08-17,12.89
2020-08-18,13.47
2020-08-19,14.37
2020-08-20,12.04
2020-08-21,11.22
2020-08-22,9.52
2020-08-23,8.84
2020-08-24,8.64
2020-08-25,40.51
2020-08-26,75.73
2020-08-27,10.03
2020-08-28,4.61
2020-08-29,4.46
2020-08-30,4.3
2020-08-31,4.67
2020-09-01,4.61
2020-09-02,4.58
2020-09-03,14.22
2020-09-04,4.2
2020-09-05,8.83
2020-09-06,9.7
2020-09-07,4.04
2020-09-08,4.4
2020-09-09,4.46
2020-09-10,4.44
2020-09-11,4.26
2020-09-12,4.28
2020-09-13,4.17
2020-09-14,4.19
2020-09-15,4.24
2020-09-16,4.52
2020-09-17,4.28
2020-09-18,4.27
2020-09-19,4.16
2020-09-20,4.31
2020-09-21,4.28
2020-09-22,4.38
2020-09-23,4.28
2020-09-24,4.29
2020-09-25,4.35
2020-09-26,4.27
2020-09-27,8.34
2020-09-28,4.19
2020-09-29,4.36
2020-09-30,4.41
2020-10-01,4.39
2020-10-02,4.29
2020-10-03,4.41
2020-10-04,4.29
2020-10-05,4.19
2020-10-06,4.43
2020-10-07,4.46
2020-10-08,4.34
2020-10-09,4.18
2020-10-10,3.96
2020-10-11,3.83
2020-10-12,3.94
2020-10-13,3.95
2020-10-14,3.89
2020-10-15,4.25
2020-10-16,4.15
2020-10-17,4.23
2020-10-18,37.64
2020-10-19,4.28
2020-10-20,4.11
2020-10-21,4.24
2020-10-22,4.09
2020-10-23,4.12
2020-10-24,4.2
2020-10-25,14.74
2020-10-26,4.25
2020-10-27,4.38
2020-10-28,4.32
2020-10-29,5.81
2020-10-30,9.54
2020-10-31,4.04
2020-11-01,4.06
2020-11-02,4.16
2020-11-03,4.02
2020-11-04,4.22
2020-11-05,4.17
2020-11-06,4.21
2020-11-07,4.26
2020-11-08,4.3
2020-11-09,4.32
2020-11-10,4.26
2020-11-11,4.21
2020-11-12,4.29
2020-11-13,4.34
2020-11-14,4.27
2020-11-15,4.06
2020-11-16,4.09
2020-11-17,4.14
2020-11-18,3.79
2020-11-19,4.21
2020-11-20,4.3
2020-11-21,4.31
2020-11-22,4.13
2020-11-23,4.24
2020-11-24,4.21
2020-11-25,4.34
2020-11-26,4.17
2020-11-27,3.91
2020-11-28,4.19
2020-11-29,4.22
2020-11-30,4.12
2020-12-01,5.38
2020-12-02,5.33
2020-12-03,4.27
2020-12-04,4.23
2020-12-05,4.05
2020-12-06,4.03
2020-12-07,4.19
2020-12-08,4.15
2020-12-09,4.09
2020-12-10,4.22
2020-12-11,4.32
2020-12-12,4.26
2020-12-13,4.2
2020-12-14,4.22
2020-12-15,4.33
2020-12-16,4.2
2020-12-17,4.25
2020-12-18,4.33
2020-12-19,4.37
2020-12-20,4.24
2020-12-21,4.22
2020-12-22,4.22
2020-12-23,4.27
2020-12-24,4.16
2020-12-25,4.12
2020-12-26,5.17
2020-12-27,4.22
2020-12-28,4.17
2020-12-29,4.12
2020-12-30,23.02
2020-12-31,4.09
2021-01-01,4.22
2021-01-02,4.19
2021-01-03,4.3
2021-01-04,4.24
2021-01-05,4.18
2021-01-06,4.14
2021-01-07,4.28
2021-01-08,4.25
2021-01-09,4.28
2021-01-10,4.23
2021-01-11,4.32
2021-01-12,4.19
2021-01-13,4.06
2021-01-14,4.74
2021-01-15,4.59
2021-01-16,4.48
2021-01-17,4.35
2021-01-18,4.67
2021-01-19,4.68
2021-01-20,4.68
2021-01-21,4.6
2021-01-22,4.58
2021-01-23,4.42
2021-01-24,4.29
2021-01-25,3.59
2021-01-26,39.08
2021-01-27,4.09
2021-01-28,4.38
2021-01-29,4.42
2021-01-30,65.13
2021-01-31,101.95
2021-02-01,20.15
2021-02-02,59.08
2021-02-03,3.72
2021-02-04,3.95
2021-02-05,3.74
2021-02-06,4.01
2021-02-07,3.83
2021-02-08,3.18
2021-02-09,3.41
2021-02-10,3.36
2021-02-11,3.26
2021-02-12,3.23
2021-02-13,3.3
2021-02-14,3.39
2021-02-15,3.52
2021-02-16,3.41
2021-02-17,3.57
2021-02-18,3.12
2021-02-19,3.8
2021-02-20,4.53
2021-02-21,3.76
2021-02-22,3.79
2021-02-23,4.18
2021-02-24,4.15
2021-02-25,3.83
2021-02-26,4.14
2021-02-27,4.19
2021-02-28,4.48
2021-03-01,4.01
2021-03-02,3.24
2021-03-03,3.11
2021-03-04,3.07
2021-03-05,3.35
2021-03-06,3.29
2021-03-07,3.58
2021-03-08,3.74
2021-03-09,3.66
2021-03-10,3.54
2021-03-11,3.53
2021-03-12,3.48
2021-03-13,3.39
2021-03-14,3.33
2021-03-15,21.76
2021-03-16,79.16
2021-03-17,3.71
2021-03-18,11.45
2021-03-19,27.38
2021-03-20,81.18
2021-03-21,9.06
2021-03-22,52.44
2021-03-23,4.4
2021-03-24,4.08
2021-03-25,17.27
2021-03-26,13.48
2021-03-27,4.24
2021-03-28,4.21
2021-03-29,4.15
2021-03-30,4.43
2021-03-31,4.53
2021-04-01,4.23
2021-04-02,4.35
2021-04-03,4.61
2021-04-04,4.81
2021-04-05,4.31
2021-04-06,4.35
2021-04-07,3.73
2021-04-08,46.18
2021-04-09,60.64
2021-04-10,97.21
2021-04-11,4.07
2021-04-12,4.67
2021-04-13,4.69
2021-04-14,4.68
2021-04-15,4.86
2021-04-16,4.87
2021-04-17,4.96
2021-04-18,4.69
2021-04-19,4.84
2021-04-20,13.52
2021-04-21,51.11
2021-04-22,4.5
2021-04-23,3.82
2021-04-24,4.34
2021-04-25,4.57
2021-04-26,4.5
2021-04-27,4.54
2021-04-28,4.44
2021-04-29,4.46
2021-04-30,4.45
2021-05-01,4.59
2021-05-02,4.72
2021-05-03,6.96
2021-05-04,46.17
2021-05-05,3.57
2021-05-06,4.42
2021-05-07,4.53
2021-05-08,4.28
2021-05-09,4.64
2021-05-10,4.81
2021-05-11,4.29
2021-05-12,3.99
2021-05-13,5.64
2021-05-14,5.51
2021-05-15,5.73
2021-05-16,5.67
2021-05-17,5.65
2021-05-18,5.54
2021-05-19,9.78
2021-05-20,64.67
2021-05-21,106.62
2021-05-22,16.44
2021-05-23,14.51
2021-05-24,8.54
2021-05-25,7.09
2021-05-26,5.72
2021-05-27,
2021-05-28,4.93
2021-05-29,7.46
2021-05-30,5.75
2021-05-31,
2021-06-01,
2021-06-02,5.3
2021-06-03,5.17
2021-06-04,5.3
2021-06-05,4.72
2021-06-06,
2021-06-07,
2021-06-08,
2021-06-09,5.36
2021-06-10,5.38
2021-06-11,5.65
2021-06-12,
2021-06-13,5.54
2021-06-14,5.62
2021-06-15,5.36
2021-06-16,87.72
2021-06-17,5.56
2021-06-18,10.43
2021-06-19,34.84
2021-06-20,5.48
2021-06-21,5.71
2021-06-22,5.62
2021-06-23,37.59
2021-06-24,79.88
2021-06-25,
2021-06-26,40.32
2021-06-27,11.11
2021-06-28,10.47
2021-06-29,10.2
2021-06-30,
2021-07-01,
2021-07-02,6.14
2021-07-03,5.53
2021-07-04,5.61
2021-07-05,
2021-07-06,5.4
2021-07-07,5.3
2021-07-08,
2021-07-09,5.8
2021-07-10,5.69
2021-07-11,5.57
2021-07-12,5.9
2021-07-13,5.78
2021-07-14,5.59
2021-07-15,5.51
2021-07-16,5.8
2021-07-17,5.6
2021-07-18,5.3
2021-07-19,
2021-07-20,
2021-07-21,
2021-07-22,5.38
2021-07-23,
2021-07-24,5.5
2021-07-25,5.41
2021-07-26,66.91
2021-07-27,5.28
2021-07-28,5.5
2021-07-29,
2021-07-30,5.46
2021-07-31,
2021-08-01,5.58
2021-08-02,5.51
2021-08-03,5.17
2021-08-04,5.36
2021-08-05,5.55
2021-08-06,5.44
2021-08-07,5.49
2021-08-08,16.41
2021-08-09,4.8
2021-08-10,5.42
2021-08-11,5.31
2021-08-12,5.53
2021-08-13,5.43
2021-08-14,5.55
2021-08-15,
2021-08-16,
2021-08-17,
2021-08-18,
2021-08-19,5.35
2021-08-20,5.25
2021-08-21,5.17
2021-08-22,5.51
2021-08-23,47.65
2021-08-24,68.77
2021-08-25,13.64
2021-08-26,11.61
2021-08-27,9.77
2021-08-28,9.0
2021-08-29,
2021-08-30,4.97
2021-08-31,5.38
2021-09-01,5.29
2021-09-02,
2021-09-03,
2021-09-04,5.1
2021-09-05,5.0
2021-09-06,26.94
2021-09-07,145.64
2021-09-08,62.23
2021-09-09,
2021-09-10,
2021-09-11,4.8
2021-09-12,5.02
2021-09-13,33.59
2021-09-14,5.2
2021-09-15,5.32
2021-09-16,5.39
2021-09-17,5.28
2021-09-18,5.11
2021-09-19,165.5
2021-09-20,129.48
2021-09-21,5.4
2021-09-22,3.39
2021-09-23,5.3
2021-09-24,5.4
2021-09-25,
2021-09-26,
2021-09-27,5.27
2021-09-28,
2021-09-29,
2021-09-30,5.47
2021-10-01,5.56
2021-10-02,5.05
2021-10-03,4.83
2021-10-04,5.25
2021-10-05,5.2
2021-10-06,5.02
2021-10-07,
2021-10-08,
2021-10-09,
2021-10-10,
2021-10-11,
2021-10-12,
2021-10-13,3.35
2021-10-14,0.7
2021-10-15,27.29
2021-10-16,4.99
2021-10-17,5.07
2021-10-18,
2021-10-19,
2021-10-20,
2021-10-21,5.43
2021-10-22,
2021-10-23,53.83
2021-10-24,5.01
2021-10-25,
2021-10-26,
2021-10-27,
2021-10-28,
2021-10-29,
2021-10-30,
2021-10-31,
2021-11-01,
2021-11-02,
2021-11-03,
2021-11-04,1.13
2021-11-05,
2021-11-06,4.89
2021-11-07,5.33
2021-11-08,5.43
2021-11-09,5.27
2021-11-10,3.94
2021-11-11,4.91
2021-11-12,
2021-11-13,
2021-11-14,4.62
2021-11-15,
2021-11-16,4.9
2021-11-17,5.25
2021-11-18,4.99
2021-11-19,
2021-11-20,
2021-11-21,
2021-11-22,
2021-11-23,
2021-11-24,5.0
2021-11-25,4.84
2021-11-26,5.34
2021-11-27,
2021-11-28,3.08
2021-11-29,
2021-11-30,
2021-12-01,
2021-12-02,5.06
2021-12-03,4.28
2021-12-04,
2021-12-05,5.1
2021-12-06,5.3
2021-12-07,
2021-12-08,5.17
2021-12-09,
2021-12-10,
2021-12-11,
2021-12-12,
2021-12-13,2.73
2021-12-14,2.75
2021-12-15,
2021-12-16,
2021-12-17,
2021-12-18,
2021-12-19,
2021-12-20,
2021-12-21,
2021-12-22,
2021-12-23,
2021-12-24,
2021-12-25,
2021-12-26,
2021-12-27,
2021-12-28,4.66
2021-12-29,4.73
2021-12-30,5.01
2021-12-31,5.05
2022-01-01,4.97
2022-01-02,
2022-01-03,
2022-01-04,
2022-01-05,
2022-01-06,4.77
2022-01-07,5.07
2022-01-08,
2022-01-09,4.96
2022-01-10,
2022-01-11,
2022-01-12,4.83
2022-01-13,4.9
2022-01-14,5.02
2022-01-15,4.83
2022-01-16,84.33
2022-01-17,139.88
2022-01-18,3.63
2022-01-19,3.59
2022-01-20,
2022-01-21,
2022-01-22,
2022-01-23,
2022-01-24,
2022-01-25,
2022-01-26,
2022-01-27,
2022-01-28,
2022-01-29,
2022-01-30,
2022-01-31,
2022-02-01,
2022-02-02,
2022-02-03,
2022-02-04,
2022-02-05,
2022-02-06,
2022-02-07,
2022-02-08,
2022-02-09,
2022-02-10,
2022-02-11,
2022-02-12,
2022-02-13,
2022-02-14,
2022-02-15,
2022-02-16,
2022-02-17,
2022-02-18,
2022-02-19,
2022-02-20,
2022-02-21,
2022-02-22,
2022-02-23,
2022-02-24,
2022-02-25,
2022-02-26,
2022-02-27,
2022-02-28,
2022-03-01,
2022-03-02,
2022-03-03,
2022-03-04,
2022-03-05,
2022-03-06,
2022-03-07,
2022-03-08,
2022-03-09,
2022-03-10,
2022-03-11,
2022-03-12,
2022-03-13,
2022-03-14,
2022-03-15,
2022-03-16,
2022-03-17,
2022-03-18,
2022-03-19,
2022-03-20,
2022-03-21,
2022-03-22,5.34
2022-03-23,5.13
2022-03-24,
2022-03-25,
2022-03-26,4.7
2022-03-27,
2022-03-28,
2022-03-29,4.26
2022-03-30,5.4
2022-03-31,5.63
2022-04-01,5.54
2022-04-02,5.6
2022-04-03,4.78
2022-04-04,5.36
2022-04-05,
2022-04-06,
2022-04-07,5.16
2022-04-08,
2022-04-09,
2022-04-10,
2022-04-11,5.3
2022-04-12,198.0
2022-04-13,198.0
2022-04-14,198.0
2022-04-15,198.0
2022-04-16,198.0
2022-04-17,198.0
2022-04-18,198.0
2022-04-19,132.38
2022-04-20,0.79
2022-04-21,0.83
2022-04-22,-23.42
2022-04-23,1.0
2022-04-24,0.83
2022-04-25,0.46
2022-04-26,-1.12
2022-04-27,-22.04
2022-04-28,0.38
2022-04-29,0.54
2022-04-30,0.17
2022-05-01,0.33
2022-05-02,0.38
2022-05-03,0.62
2022-05-04,0.83
2022-05-05,0.62
2022-05-06,0.79
2022-05-07,0.88
2022-05-08,1.12
2022-05-09,1.04
2022-05-10,1.0
2022-05-11,0.88
2022-05-12,0.75
2022-05-13,0.71
2022-05-14,0.75
2022-05-15,0.62
2022-05-16,0.67
2022-05-17,0.92
2022-05-18,0.96
2022-05-19,0.46
2022-05-20,0.5
2022-05-21,0.5
2022-05-22,0.21
2022-05-23,1.5
2022-05-24,1.38
2022-05-25,1.67
2022-05-26,1.46
2022-05-27,1.21
2022-05-28,-16.0
2022-05-29,0.62
2022-05-30,1.33
2022-05-31,0.21
2022-06-01,0.75
2022-06-02,-64.62
2022-06-03,-50.92
2022-06-04,-94.25
2022-06-05,-51.42
2022-06-06,-33.12
2022-06-07,-27.12
2022-06-08,-21.17
2022-06-09,-18.79
2022-06-10,-17.5
2022-06-11,-15.67
2022-06-12,-14.17
2022-06-13,-13.0
2022-06-14,-12.04
2022-06-15,-12.12
2022-06-16,-11.96
2022-06-17,-11.92
2022-06-18,-11.88
2022-06-19,-10.46
2022-06-20,-9.79
2022-06-21,-10.12
2022-06-22,-25.17
2022-06-23,-102.83
2022-06-24,-32.38
2022-06-25,-9.21
2022-06-26,-8.75
2022-06-27,-31.25
2022-06-28,-12.83
2022-06-29,-10.58
2022-06-30,-9.12
2022-07-01,-7.5
2022-07-02,-6.92
2022-07-03,-6.88
2022-07-04,-6.79
2022-07-05,-5.96
2022-07-06,-4.75
2022-07-07,-3.92
2022-07-08,-36.83
2022-07-09,-22.21
2022-07-10,-106.88
2022-07-11,-32.62
2022-07-12,-31.17
2022-07-13,-37.67
2022-07-14,-70.42
2022-07-15,-46.21
2022-07-16,-31.88
2022-07-17,-32.29
2022-07-18,-32.17
2022-07-19,-31.12
2022-07-20,-30.29
2022-07-21,-29.71
2022-07-22,-28.58
2022-07-23,-27.58
2022-07-24,-26.54
2022-07-25,-25.62
2022-07-26,-24.75
2022-07-27,-23.96
2022-07-28,-58.92
2022-07-29,-23.17
2022-07-30,-22.54
2022-07-31,-21.83
2022-08-01,-21.21
2022-08-02,-20.67
2022-08-03,-20.54
2022-08-04,-19.88
2022-08-05,-19.33
2022-08-06,-49.83
2022-08-07,-61.58
2022-08-08,-27.58
2022-08-09,-25.96
2022-08-10,-23.83
2022-08-11,-21.83
2022-08-12,-21.29
2022-08-13,-20.54
2022-08-14,-19.38
2022-08-15,-18.62
2022-08-16,-19.75
2022-08-17,-71.92
2022-08-18,-29.46
2022-08-19,-26.0
2022-08-20,-23.44
2022-08-21,-21.0
2022-08-22,-20.33
2022-08-23,-18.62
2022-08-24,-16.54
2022-08-25,-14.17
2022-08-26,-11.29
2022-08-27,-10.04
2022-08-28,-8.0
2022-08-29,-5.38
2022-08-30,-2.42
2022-08-31,0.79
2022-09-01,1.04
2022-09-02,1.0
2022-09-03,1.17
2022-09-04,1.42
2022-09-05,1.42
2022-09-06,1.08
2022-09-07,-0.29
2022-09-08,-85.83
2022-09-09,1.67
2022-09-10,1.54
2022-09-11,1.29
2022-09-12,1.7
2022-09-13,1.21
2022-09-14,1.79
2022-09-15,1.67
2022-09-16,1.46
2022-09-17,1.33
2022-09-18,-69.95
2022-09-19,1.62
2022-09-20,1.75
2022-09-21,1.79
2022-09-22,1.73
2022-09-23,1.77
2022-09-24,1.39
2022-09-25,1.08
2022-09-26,1.5
2022-09-27,1.46
2022-09-28,1.54
2022-09-29,1.58
2022-09-30,1.54
2022-10-01,1.38
2022-10-02,1.67
2022-10-03,1.5
2022-10-04,1.46
2022-10-05,-63.29
2022-10-06,1.33
2022-10-07,1.88
2022-10-08,1.54
2022-10-09,1.58
2022-10-10,1.33
2022-10-11,1.58
2022-10-12,1.54
2022-10-13,1.17
2022-10-14,1.08
2022-10-15,1.46
2022-10-16,1.5
2022-10-17,1.42
2022-10-18,1.42
2022-10-19,-24.62
2022-10-20,-5.17
2022-10-21,1.46
2022-10-22,1.33
2022-10-23,1.58
2022-10-24,1.29
2022-10-25,1.17
2022-10-26,-22.62
2022-10-27,1.46
2022-10-28,1.21
2022-10-29,1.29
2022-10-30,-30.71
2022-10-31,-38.67
2022-11-01,1.92
2022-11-02,1.88
2022-11-03,1.75
2022-11-04,1.33
2022-11-05,1.21
2022-11-06,1.21
2022-11-07,1.3
2022-11-08,1.62
2022-11-09,1.33
2022-11-10,1.48
2022-11-11,1.44
2022-11-12,-50.42
2022-11-13,-38.7
2022-11-14,1.79
2022-11-15,1.75
2022-11-16,1.61
2022-11-17,1.67
2022-11-18,2.12
2022-11-19,1.75
2022-11-20,-79.42
2022-11-21,1.78
2022-11-22,1.71
2022-11-23,1.54
2022-11-24,1.5
2022-11-25,1.71
2022-11-26,1.58
2022-11-27,1.91
2022-11-28,1.75
2022-11-29,1.54
2022-11-30,1.54
2022-12-01,2.0
2022-12-02,1.62
2022-12-03,1.67
2022-12-04,1.62
2022-12-05,1.46
2022-12-06,1.77
2022-12-07,1.48
2022-12-08,1.46
2022-12-09,0.04
2022-12-10,-14.74
2022-12-11,1.71
2022-12-12,1.79
2022-12-13,1.58
2022-12-14,1.7
2022-12-15,1.88
2022-12-16,1.75
2022-12-17,1.87
2022-12-18,1.58
2022-12-19,1.46
2022-12-20,-6.08
2022-12-21,1.62
2022-12-22,1.62
2022-12-23,1.54
2022-12-24,1.58
2022-12-25,1.83
2022-12-26,2.12
2022-12-27,-11.23
2022-12-28,-28.5
2022-12-29,2.25
2022-12-30,2.48
2022-12-31,-72.21
2023-01-01,-29.12
2023-01-02,1.42
2023-01-03,1.42
2023-01-04,1.5
2023-01-05,1.04
2023-01-06,1.71
2023-01-07,1.67
2023-01-08,-24.04
2023-01-09,-119.92
2023-01-10,-71.21
2023-01-11,-93.79
2023-01-12,-71.17
2023-01-13,1.67
2023-01-14,1.33
2023-01-15,1.38
2023-01-16,1.42
2023-01-17,1.39
2023-01-18,1.7
2023-01-19,1.39
2023-01-20,1.58
2023-01-21,1.25
2023-01-22,1.29
2023-01-23,1.33
2023-01-24,1.33
2023-01-25,1.67
2023-01-26,2.0
2023-01-27,1.88
2023-01-28,1.71
2023-01-29,1.67
2023-01-30,1.7
2023-01-31,1.67
2023-02-01,1.52
2023-02-02,1.74
2023-02-03,1.9
2023-02-04,1.54
2023-02-05,1.65
2023-02-06,1.59
2023-02-07,1.79
2023-02-08,1.88
2023-02-09,2.0
2023-02-10,1.96
2023-02-11,1.88
2023-02-12,1.62
2023-02-13,1.58
2023-02-14,1.48
2023-02-15,1.46
2023-02-16,1.17
2023-02-17,1.59
2023-02-18,1.71
2023-02-19,1.75
2023-02-20,1.71
2023-02-21,1.71
2023-02-22,1.7
2023-02-23,1.88
2023-02-24,1.46
2023-02-25,1.54
2023-02-26,1.5
2023-02-27,1.83
2023-02-28,1.88
2023-03-01,1.92
2023-03-02,1.96
2023-03-03,1.67
2023-03-04,1.79
2023-03-05,2.04
2023-03-06,1.38
2023-03-07,1.21
2023-03-08,1.5
2023-03-09,1.29
2023-03-10,1.5
2023-03-11,1.62
2023-03-12,1.5
2023-03-13,1.42
2023-03-14,1.56
2023-03-15,-9.48
2023-03-16,1.5
2023-03-17,1.67
2023-03-18,1.7
2023-03-19,1.83
2023-03-20,1.58
2023-03-21,1.67
2023-03-22,1.62
2023-03-23,1.87
2023-03-24,1.82
2023-03-25,1.88
2023-03-26,2.42
2023-03-27,1.96
2023-03-28,1.58
2023-03-29,1.62
2023-03-30,1.92
2023-03-31,1.96
2023-04-01,2.04
2023-04-02,1.54
2023-04-03,1.5
2023-04-04,1.62
2023-04-05,2.0
2023-04-06,2.0
2023-04-07,2.12
2023-04-08,2.42
2023-04-09,2.39
2023-04-10,2.17
2023-04-11,2.12
2023-04-12,2.04
2023-04-13,1.92
2023-04-14,2.0
2023-04-15,2.0
2023-04-16,1.88
2023-04-17,1.62
2023-04-18,2.0
2023-04-19,2.0
2023-04-20,2.08
2023-04-21,1.83
2023-04-22,1.75
2023-04-23,1.58
2023-04-24,1.79
2023-04-25,2.0
2023-04-26,1.62
2023-04-27,1.88
2023-04-28,1.71
2023-04-29,1.79
2023-04-30,2.0
2023-05-01,1.96
2023-05-02,2.08
2023-05-03,2.17
2023-05-04,2.04
2023-05-05,2.17
2023-05-06,2.08
2023-05-07,2.08
2023-05-08,2.08
2023-05-09,2.08
2023-05-10,1.88
2023-05-11,2.0
2023-05-12,2.12
2023-05-13,2.5
2023-05-14,2.25
2023-05-15,2.0
2023-05-16,1.83
2023-05-17,-72.75
2023-05-18,-4.67
2023-05-19,1.75
2023-05-20,2.0
2023-05-21,1.88
2023-05-22,-39.25
2023-05-23,-64.83
2023-05-24,-33.0
2023-05-25,-64.83
2023-05-26,-15.25
2023-05-27,1.83
2023-05-28,1.46
2023-05-29,1.21
2023-05-30,1.58
2023-05-31,1.67
2023-06-01,1.79
2023-06-02,1.46
2023-06-03,1.33
2023-06-04,1.42
2023-06-05,1.25
2023-06-06,1.42
2023-06-07,1.38
2023-06-08,1.17
2023-06-09,1.08
2023-06-10,-55.29
2023-06-11,1.71
2023-06-12,1.54
2023-06-13,1.88
2023-06-14,1.79
2023-06-15,1.54
2023-06-16,1.79
2023-06-17,1.58
2023-06-18,1.92
2023-06-19,1.21
2023-06-20,1.54
2023-06-21,-24.5
2023-06-22,-125.39
2023-06-23,-16.08
2023-06-24,-69.46
2023-06-25,2.0
2023-06-26,2.0
2023-06-27,2.08
2023-06-28,2.42
2023-06-29,2.08
2023-06-30,2.12
2023-07-01,2.04
2023-07-02,2.04
2023-07-03,2.0
2023-07-04,2.0
2023-07-05,2.21
2023-07-06,2.0
2023-07-07,2.0
2023-07-08,2.04
2023-07-09,2.04
2023-07-10,2.12
2023-07-11,-32.08
2023-07-12,-123.12
2023-07-13,-6.83
2023-07-14,-3.58
2023-07-15,-58.33
2023-07-16,-1.88
2023-07-17,-1.5
2023-07-18,0.46
2023-07-19,2.29
2023-07-20,2.38
2023-07-21,2.04
2023-07-22,1.96
2023-07-23,2.0
2023-07-24,1.88
2023-07-25,1.83
2023-07-26,2.29
2023-07-27,2.04
2023-07-28,2.12
2023-07-29,2.08
2023-07-30,1.87
2023-07-31,2.0
2023-08-01,2.0
2023-08-02,2.0
2023-08-03,2.0
2023-08-04,2.08
2023-08-05,2.0
2023-08-06,1.92
2023-08-07,2.08
2023-08-08,1.96
2023-08-09,2.0
2023-08-10,-73.0
2023-08-11,-37.0
2023-08-12,2.04
2023-08-13,2.04
2023-08-14,2.0
2023-08-15,2.0
2023-08-16,1.92
2023-08-17,-6.54
2023-08-18,1.88
2023-08-19,-41.04
2023-08-20,-12.96
2023-08-21,-3.54
2023-08-22,-10.33
2023-08-23,-171.42
2023-08-24,-24.83
2023-08-25,-9.29
2023-08-26,-7.25
2023-08-27,-5.88
2023-08-28,-38.21
2023-08-29,-5.75
2023-08-30,-2.92
2023-08-31,0.04
2023-09-01,-40.12
2023-09-02,-161.38
2023-09-03,-79.46
2023-09-04,-0.87
2023-09-05,-17.92
2023-09-06,-121.12
2023-09-07,-95.67
2023-09-08,-128.12
2023-09-09,-21.21
2023-09-10,-44.83
2023-09-11,-80.88
2023-09-12,-44.0
2023-09-13,-26.38
2023-09-14,-22.58
2023-09-15,-16.12
2023-09-16,-11.96
2023-09-17,-39.96
2023-09-18,-9.0
2023-09-19,-7.25
2023-09-20,-3.88
2023-09-21,-1.25
2023-09-22,-0.62
2023-09-23,1.48
2023-09-24,1.17
2023-09-25,-6.83
2023-09-26,-62.96
2023-09-27,1.88
2023-09-28,2.0
2023-09-29,1.92
2023-09-30,2.04
2023-10-01,2.04
2023-10-02,2.0
2023-10-03,-55.0
2023-10-04,1.79
2023-10-05,2.0
2023-10-06,1.92
2023-10-07,1.96
2023-10-08,1.87
2023-10-09,2.0
2023-10-10,2.04
2023-10-11,1.83
2023-10-12,2.13
2023-10-13,2.04
2023-10-14,1.92
2023-10-15,1.96
2023-10-16,2.0
2023-10-17,1.96
2023-10-18,-14.25
2023-10-19,1.96
2023-10-20,2.04
2023-10-21,1.96
2023-10-22,1.92
2023-10-23,1.96
2023-10-24,1.91
2023-10-25,1.86
2023-10-26,2.0
2023-10-27,1.83
2023-10-28,1.96
2023-10-29,-6.75
2023-10-30,2.0
2023-10-31,2.0
2023-11-01,-32.17
2023-11-02,-107.04
2023-11-03,1.78
2023-11-04,1.87
2023-11-05,1.92
2023-11-06,1.75
2023-11-07,-14.33
2023-11-08,1.71
2023-11-09,2.0
2023-11-10,-128.04
2023-11-11,1.96
2023-11-12,0.42
2023-11-13,-36.92
2023-11-14,1.88
2023-11-15,2.0
2023-11-16,1.92
2023-11-17,1.75
2023-11-18,1.92
2023-11-19,1.92
2023-11-20,1.88
2023-11-21,1.96
2023-11-22,2.12
2023-11-23,1.91
2023-11-24,1.82
2023-11-25,1.79
2023-11-26,2.0
2023-11-27,1.96
2023-11-28,2.0
2023-11-29,1.75
2023-11-30,1.96
2023-12-01,1.83
2023-12-02,1.79
2023-12-03,1.92
2023-12-04,1.91
2023-12-05,1.88
2023-12-06,1.96
2023-12-07,1.96
2023-12-08,2.04
2023-12-09,1.92
2023-12-10,2.0
2023-12-11,1.92
2023-12-12,1.96
2023-12-13,2.04
2023-12-14,1.92
2023-12-15,2.0
2023-12-16,2.04
2023-12-17,1.83
2023-12-18,1.91
2023-12-19,1.91
2023-12-20,1.87
2023-12-21,2.13
2023-12-22,2.04
2023-12-23,2.0
2023-12-24,2.04
2023-12-25,2.17
2023-12-26,2.0
2023-12-27,1.91
2023-12-28,1.88
2023-12-29,2.0
2023-12-30,1.96
2023-12-31,-38.62
2024-01-01,1.96
2024-01-02,2.04
2024-01-03,2.0
2024-01-04,1.92
2024-01-05,1.92
2024-01-06,1.92
2024-01-07,-44.0
2024-01-08,2.08
2024-01-09,1.88
2024-01-10,1.91
2024-01-11,1.96
2024-01-12,1.79
2024-01-13,1.92
2024-01-14,1.83
2024-01-15,2.04
2024-01-16,1.83
2024-01-17,2.17
2024-01-18,1.88
2024-01-19,1.92
2024-01-20,2.0
2024-01-21,2.0
2024-01-22,1.92
2024-01-23,2.0
2024-01-24,2.04
2024-01-25,1.92
2024-01-26,1.71
2024-01-27,1.7
2024-01-28,1.74
2024-01-29,1.92
2024-01-30,1.92
2024-01-31,1.92
2024-02-01,1.91
2024-02-02,1.83
2024-02-03,1.92
2024-02-04,2.0
2024-02-05,1.91
2024-02-06,1.92
2024-02-07,1.81
2024-02-08,1.83
2024-02-09,-49.32
2024-02-10,2.09
2024-02-11,1.79
2024-02-12,1.79
2024-02-13,2.09
2024-02-14,2.0
2024-02-15,1.88
2024-02-16,-45.79
2024-02-17,-191.87
2024-02-18,-191.04
2024-02-19,-80.71
2024-02-20,0.04
2024-02-21,0.02
2024-02-22,0.02
2024-02-23,0.04
2024-02-24,1.16
2024-02-25,0.02
2024-02-26,0.04
2024-02-27,0.02
2024-02-28,0.02
2024-02-29,0.02
2024-03-01,0.02
2024-03-02,0.01
2024-03-03,0.02
2024-03-04,0.02
2024-03-05,0.01
2024-03-06,0.03
2024-03-07,0.01
2024-03-08,0.01
2024-03-09,0.02
2024-03-10,0.01
2024-03-11,-0.01
2024-03-12,-0.0
2024-03-13,-0.0
2024-03-14,-0.01
2024-03-15,0.01
2024-03-16,-0.01
2024-03-17,0.01
2024-03-18,0.01
2024-03-19,-0.0
2024-03-20,74.25
2024-03-21,
2024-03-22,0.0
2024-03-23,0.02
2024-03-24,0.01
2024-03-25,0.01
2024-03-26,0.0
2024-03-27,-0.01
2024-03-28,0.0
2024-03-29,0.01
2024-03-30,0.01
2024-03-31,0.0
2024-04-01,-0.0
2024-04-02,0.0
2024-04-03,0.01
2024-04-04,-0.02
2024-04-05,-0.01
2024-04-06,-0.03
2024-04-07,-0.03
2024-04-08,-0.03
2024-04-09,-0.01
2024-04-10,-0.02
2024-04-11,-0.04
2024-04-12,-0.02
2024-04-13,0.01
2024-04-14,0.02
2024-04-15,3.43
2024-04-16,0.22
2024-04-17,0.1
2024-04-18,0.05
2024-04-19,0.07
2024-04-20,0.06
2024-04-21,0.06
2024-04-22,0.04
2024-04-23,0.05
2024-04-24,0.05
2024-04-25,0.07
2024-04-26,0.07
2024-04-27,0.06
2024-04-28,0.07
2024-04-29,0.06
2024-04-30,0.06
2024-05-01,0.06
2024-05-02,0.09
2024-05-03,0.08
2024-05-04,0.07
2024-05-05,0.07
2024-05-06,0.06
2024-05-07,5.06
2024-05-08,12.85
2024-05-09,7.51
2024-05-10,4.77
2024-05-11,4.53
2024-05-12,4.42
2024-05-13,4.35
2024-05-14,3.84
2024-05-15,3.06
2024-05-16,2.81
2024-05-17,2.77
2024-05-18,2.65
2024-05-19,2.19
2024-05-20,6.53
2024-05-21,20.6
2024-05-22,54.12
2024-05-23,82.06
2024-05-24,71.61
2024-05-25,62.85
2024-05-26,57.88
2024-05-27,54.01
2024-05-28,49.94
2024-05-29,46.17
2024-05-30,42.69
2024-05-31,38.19
2024-06-01,36.17
2024-06-02,32.94
2024-06-03,26.6
2024-06-04,20.76
2024-06-05,17.66
2024-06-06,16.06
2024-06-07,12.96
2024-06-08,11.1
2024-06-09,14.73
2024-06-10,16.49
2024-06-11,17.07
2024-06-12,15.07
2024-06-13,36.65
2024-06-14,76.14
2024-06-15,65.67
2024-06-16,59.04
2024-06-17,54.09
2024-06-18,55.81
2024-06-19,57.41
2024-06-20,49.78
2024-06-21,62.33
2024-06-22,89.77
2024-06-23,82.6
2024-06-24,81.09
2024-06-25,88.43
2024-06-26,81.21
2024-06-27,76.73
2024-06-28,72.37
2024-06-29,69.59
2024-06-30,67.72
2024-07-01,66.01
2024-07-02,64.43
2024-07-03,63.17
2024-07-04,61.9
2024-07-05,60.94
2024-07-06,60.46
2024-07-07,59.49
2024-07-08,58.91
2024-07-09,57.94
2024-07-10,57.17
2024-07-11,56.75
2024-07-12,56.31
2024-07-13,55.83
2024-07-14,55.56
2024-07-15,54.97
2024-07-16,53.8
2024-07-17,52.49
2024-07-18,51.78
2024-07-19,51.25
2024-07-20,50.65
2024-07-21,50.14
2024-07-22,49.68
2024-07-23,49.54
2024-07-24,50.03
2024-07-25,49.56
2024-07-26,48.83
2024-07-27,47.61
2024-07-28,46.11
2024-07-29,45.3
2024-07-30,43.97
2024-07-31,42.99
2024-08-01,41.44
2024-08-02,54.27
2024-08-03,59.94
2024-08-04,56.99
2024-08-05,55.26
2024-08-06,57.37
2024-08-07,55.4
2024-08-08,55.71
2024-08-09,55.17
2024-08-10,54.17
2024-08-11,52.81
2024-08-12,50.77
2024-08-13,48.09
2024-08-14,45.86
2024-08-15,44.74
2024-08-16,44.02
2024-08-17,43.33
2024-08-18,43.14
2024-08-19,42.56
2024-08-20,44.65
2024-08-21,44.54
2024-08-22,43.28
2024-08-23,43.17
2024-08-24,42.74
2024-08-25,41.35
2024-08-26,39.48
2024-08-27,38.14
2024-08-28,37.04
2024-08-29,32.45
2024-08-30,29.41
2024-08-31,28.15
2024-09-01,25.12
2024-09-02,21.68
2024-09-03,20.46
2024-09-04,19.53
2024-09-05,16.52
2024-09-06,12.72
2024-09-07,10.64
2024-09-08,9.35
2024-09-09,7.72
2024-09-10,6.01
2024-09-11,3.61
2024-09-12,0.31
2024-09-13,0.28
2024-09-14,0.45
2024-09-15,0.42
2024-09-16,0.43
2024-09-17,0.38
2024-09-18,0.33
2024-09-19,0.35
2024-09-20,0.31
2024-09-21,0.31
2024-09-22,3.63
2024-09-23,13.64
2024-09-24,12.79
2024-09-25,6.91
2024-09-26,2.42
2024-09-27,0.48
2024-09-28,0.32
2024-09-29,0.32
2024-09-30,0.32
2024-10-01,0.33
2024-10-02,0.31
2024-10-03,0.32
2024-10-04,0.34
2024-10-05,0.35
2024-10-06,0.35
2024-10-07,0.34
2024-10-08,0.72
2024-10-09,1.12
2024-10-10,0.37
2024-10-11,0.32
2024-10-12,0.34
2024-10-13,0.32
2024-10-14,0.32
2024-10-15,0.32
2024-10-16,0.3
2024-10-17,0.3
2024-10-18,0.31
2024-10-19,0.32
2024-10-20,0.32
2024-10-21,0.35
2024-10-22,0.34
2024-10-23,0.5
2024-10-24,0.43
2024-10-25,0.37
2024-10-26,0.34
2024-10-27,0.35
2024-10-28,0.34
2024-10-29,0.3
2024-10-30,0.33
2024-10-31,0.33
2024-11-01,0.33
2024-11-02,0.32
2024-11-03,0.31
2024-11-04,0.32
2024-11-05,0.32
2024-11-06,0.31
2024-11-07,0.34
2024-11-08,0.34
2024-11-09,0.34
2024-11-10,0.32
2024-11-11,0.35
2024-11-12,0.34
2024-11-13,0.33
2024-11-14,0.31
2024-11-15,0.31
2024-11-16,0.33
2024-11-17,0.3
2024-11-18,0.32
2024-11-19,0.32
2024-11-20,0.32
2024-11-21,0.32
2024-11-22,0.33
2024-11-23,0.33
2024-11-24,0.32
2024-11-25,0.32
2024-11-26,0.32
2024-11-27,0.32
2024-11-28,0.31
2024-11-29,0.32
2024-11-30,0.32
2024-12-01,0.31
2024-12-02,0.31
2024-12-03,0.32
2024-12-04,0.32
2024-12-05,0.32
2024-12-06,0.31
2024-12-07,0.31
2024-12-08,0.32
2024-12-09,0.32
2024-12-10,0.31
2024-12-11,0.3
2024-12-12,0.31
2024-12-13,0.31
2024-12-14,0.32
2024-12-15,0.31
2024-12-16,0.31
2024-12-17,0.31
2024-12-18,0.3
2024-12-19,0.3
2024-12-20,0.31
2024-12-21,0.3
2024-12-22,0.31
2024-12-23,0.32
2024-12-24,0.3
2024-12-25,0.29
2024-12-26,0.31
2024-12-27,0.64
2024-12-28,0.46
2024-12-29,0.43
2024-12-30,0.45
2024-12-31,0.45
2025-01-01,0.45
2025-01-02,0.44
2025-01-03,0.45
2025-01-04,0.45
2025-01-05,0.46
2025-01-06,0.44
2025-01-07,0.44
2025-01-08,0.44
2025-01-09,0.45
2025-01-10,0.45
2025-01-11,0.45
2025-01-12,0.43
2025-01-13,0.42
2025-01-14,0.43
2025-01-15,0.43
2025-01-16,0.42
2025-01-17,0.42
2025-01-18,0.42
2025-01-19,0.41
2025-01-20,0.4
2025-01-21,0.4
2025-01-22,0.41
2025-01-23,0.41
2025-01-24,0.4
2025-01-25,0.42
2025-01-26,0.41
2025-01-27,0.41
2025-01-28,0.41
2025-01-29,0.4
2025-01-30,0.47
2025-01-31,0.47
2025-02-01,0.47
2025-02-02,0.47
2025-02-03,0.47
2025-02-04,0.46
2025-02-05,0.46
2025-02-06,0.47
2025-02-07,0.46
2025-02-08,0.46
2025-02-09,0.45
2025-02-10,0.45
2025-02-11,0.46
2025-02-12,0.45
2025-02-13,0.45
2025-02-14,0.45
2025-02-15,0.46
2025-02-16,0.44
2025-02-17,0.45
2025-02-18,0.45
2025-02-19,0.46
2025-02-20,0.44
2025-02-21,0.44
2025-02-22,0.44
2025-02-23,0.43
2025-02-24,0.45
2025-02-25,0.45
2025-02-26,0.44
2025-02-27,0.45
2025-02-28,0.45
2025-03-01,0.44
2025-03-02,0.47
2025-03-03,0.48
2025-03-04,0.42
2025-03-05,0.37
2025-03-06,0.35
2025-03-07,0.37
2025-03-08,0.37
2025-03-09,0.36
2025-03-10,0.37
2025-03-11,0.37
2025-03-12,0.38
2025-03-13,0.36
2025-03-14,0.36
2025-03-15,0.37
2025-03-16,0.35
2025-03-17,0.36
2025-03-18,0.37
2025-03-19,0.39
2025-03-20,0.37
2025-03-21,0.36
2025-03-22,0.37
2025-03-23,0.38
2025-03-24,0.38
2025-03-25,0.37
2025-03-26,0.37
2025-03-27,0.37
2025-03-28,0.38
2025-03-29,0.38
2025-03-30,0.58
2025-03-31,1.0
2025-04-01,0.4
2025-04-02,0.4
2025-04-03,0.39
2025-04-04,0.4
2025-04-05,0.39
2025-04-06,0.38
2025-04-07,0.39
2025-04-08,0.39
2025-04-09,0.38
2025-04-10,0.39
2025-04-11,0.4
2025-04-12,0.39
2025-04-13,0.4
2025-04-14,0.4
2025-04-15,0.39
2025-04-16,0.37
2025-04-17,0.38
2025-04-18,0.39
2025-04-19,0.38
2025-04-20,0.39
2025-04-21,0.39
2025-04-22,0.38
2025-04-23,0.37
2025-04-24,0.39
2025-04-25,0.38
2025-04-26,0.4
2025-04-27,0.42
2025-04-28,0.4
2025-04-29,0.4
2025-04-30,0.42
2025-05-01,0.44
2025-05-02,0.42
2025-05-03,0.43
2025-05-04,0.42
2025-05-05,0.42
2025-05-06,0.42
2025-05-07,0.38
2025-05-08,0.68
2025-05-09,0.6
2025-05-10,0.4
2025-05-11,0.38
2025-05-12,0.37
2025-05-13,0.36
2025-05-14,0.36
2025-05-15,0.38
2025-05-16,0.37
2025-05-17,0.51
2025-05-18,0.85
2025-05-19,2.34
2025-05-20,0.36
2025-05-21,0.35
2025-05-22,0.37
2025-05-23,0.38
2025-05-24,0.37
2025-05-25,0.36
2025-05-26,3.03
2025-05-27,3.31
2025-05-28,1.7
2025-05-29,0.62
2025-05-30,0.58
2025-05-31,0.54
2025-06-01,0.45
2025-06-02,0.4
2025-06-03,0.41
2025-06-04,0.39
2025-06-05,0.4
2025-06-06,0.4
2025-06-07,0.41
2025-06-08,0.42
2025-06-09,0.4
2025-06-10,0.39
2025-06-11,0.39
2025-06-12,3.5
2025-06-13,7.16
2025-06-14,6.33
2025-06-15,6.36
2025-06-16,18.55
2025-06-17,22.08
2025-06-18,20.11
2025-06-19,18.15
2025-06-20,16.49
2025-06-21,15.3
2025-06-22,31.56
2025-06-23,30.06
2025-06-24,25.67
2025-06-25,21.02
2025-06-26,24.92
2025-06-27,21.85
2025-06-28,20.97
2025-06-29,19.25
2025-06-30,18.25
2025-07-01,17.63
2025-07-02,16.28
2025-07-03,13.17
2025-07-04,10.64
2025-07-05,9.71
2025-07-06,8.19
2025-07-07,8.2
2025-07-08,7.27
2025-07-09,6.46
2025-07-10,4.06
2025-07-11,2.25
2025-07-12,0.68
2025-07-13,0.65
2025-07-14,0.64
2025-07-15,0.63
2025-07-16,0.66
2025-07-17,0.67
2025-07-18,0.62
2025-07-19,0.59
2025-07-20,0.43
2025-07-21,0.36
2025-07-22,0.36
2025-07-23,0.42
2025-07-24,0.33
2025-07-25,0.36
2025-07-26,0.35
2025-07-27,0.36
2025-07-28,0.34
2025-07-29,0.32
2025-07-30,0.32
2025-07-31,0.36
2025-08-01,8.47
2025-08-02,6.2
2025-08-03,4.33
2025-08-04,3.33
2025-08-05,0.83
2025-08-06,0.49
2025-08-07,0.52
2025-08-08,0.54
2025-08-09,0.5
2025-08-10,0.41
2025-08-11,0.4
2025-08-12,0.41
2025-08-13,0.42
2025-08-14,0.42
2025-08-15,0.43
2025-08-16,0.91
2025-08-17,0.41
2025-08-18,0.39
2025-08-19,0.42
2025-08-20,0.46
2025-08-21,5.69
2025-08-22,11.04
2025-08-23,12.49
2025-08-24,8.94
2025-08-25,5.67
2025-08-26,2.77
2025-08-27,1.26
2025-08-28,1.23
2025-08-29,1.21
2025-08-30,1.32
2025-08-31,2.15
2025-09-01,1.34
2025-09-02,1.09
2025-09-03,0.97
2025-09-04,0.95
2025-09-05,0.91
2025-09-06,0.91
2025-09-07,0.91
2025-09-08,0.92
2025-09-09,0.9
2025-09-10,0.9
2025-09-11,0.9
2025-09-12,0.92
2025-09-13,0.92
2025-09-14,0.92
2025-09-15,0.91
2025-09-16,0.92
2025-09-17,0.91
2025-09-18,0.91
2025-09-19,0.92
2025-09-20,0.93
2025-09-21,1.24
2025-09-22,1.02
2025-09-23,0.88
2025-09-24,0.87
2025-09-25,0.88
2025-09-26,1.46
2025-09-27,1.56
2025-09-28,0.92
2025-09-29,0.92
2025-09-30,0.87
2025-10-01,0.86
2025-10-02,0.85
2025-10-03,0.83
2025-10-04,0.88
2025-10-05,0.93
2025-10-06,0.93
2025-10-07,0.87
2025-10-08,0.85
2025-10-09,0.83
2025-10-10,0.85
2025-10-11,0.87
2025-10-12,0.86
2025-10-13,0.87
2025-10-14,0.88
2025-10-15,0.88
2025-10-16,0.88
2025-10-17,0.87
2025-10-18,0.84
2025-10-19,0.86
2025-10-20,0.86
2025-10-21,0.87
2025-10-22,0.85
2025-10-23,0.86
2025-10-24,0.89
2025-10-25,0.92
2025-10-26,0.91
2025-10-27,0.87
2025-10-28,0.88
2025-10-29,0.87
2025-10-30,0.87
2025-10-31,0.86
2025-11-01,0.93
2025-11-02,0.87
2025-11-03,0.86
2025-11-04,0.88
2025-11-05,0.88
2025-11-06,0.96
2025-11-07,1.19
2025-11-08,0.82
2025-11-09,0.79
2025-11-10,0.79
2025-11-11,0.8
2025-11-12,0.77
2025-11-13,0.74
2025-11-14,0.69
2025-11-15,0.7
2025-11-16,0.74
2025-11-17,0.71
2025-11-18,0.65
2025-11-19,0.65
2025-11-20,0.76
2025-11-21,0.73
2025-11-22,0.7
2025-11-23,0.69
2025-11-24,0.67
2025-11-25,0.67
2025-11-26,0.7
2025-11-27,0.68
2025-11-28,0.68
2025-11-29,0.71
2025-11-30,0.76
2025-12-01,0.74
2025-12-02,0.72
2025-12-03,0.68
2025-12-04,0.65
2025-12-05,0.63
2025-12-06,0.59
2025-12-07,0.48
2025-12-08,0.43
2025-12-09,0.4
2025-12-10,0.38
2025-12-11,0.39
2025-12-12,0.43
2025-12-13,0.42
2025-12-14,0.52
2025-12-15,0.53
2025-12-16,0.4
2025-12-17,0.41
2025-12-18,0.38
2025-12-19,0.38
2025-12-20,0.38
2025-12-21,0.38
2025-12-22,0.38
2025-12-23,0.37
2025-12-24,0.38
2025-12-25,0.38
2025-12-26,0.39
2025-12-27,0.46
2025-12-28,0.47
2025-12-29,0.58
2025-12-30,1.16
2025-12-31,1.15
2026-01-01,1.15
2026-01-02,1.14
2026-01-03,1.14
2026-01-04,1.14
2026-01-05,1.15
2026-01-06,0.88
2026-01-07,0.72
2026-01-08,0.69
2026-01-09,0.66
2026-01-10,0.66
2026-01-11,0.67
2026-01-12,0.67
2026-01-13,0.66
2026-01-14,0.65
2026-01-15,0.66
2026-01-16,0.68
2026-01-17,0.68
2026-01-18,0.68
2026-01-19,0.67
2026-01-20,0.67
2026-01-21,0.67
2026-01-22,0.68
2026-01-23,0.68
2026-01-24,0.68
2026-01-25,0.69
2026-01-26,0.67
2026-01-27,0.79
2026-01-28,0.91
2026-01-29,0.67
2026-01-30,0.68
2026-01-31,0.91
2026-02-01,1.43
2026-02-02,1.45
2026-02-03,1.46
2026-02-04,1.43
2026-02-05,0.54
2026-02-06,-1.55
2026-02-07,-1.18
2026-02-08,-1.01
2026-02-09,-1.01
2026-02-10,-1.01
2026-02-11,-1.04
2026-02-12,-1.01
