Date,Snow_Depth_cm
2020-03-27,0.0
2020-03-28,0.0
2020-03-29,0.0
2020-03-30,0.0
2020-03-31,0.0
2020-04-01,0.0
2020-04-02,0.0
2020-04-03,0.0
2020-04-04,0.0
2020-04-05,5.21
2020-04-06,2.99
2020-04-07,0.0
2020-04-08,0.0
2020-04-09,0.0
2020-04-10,0.0
2020-04-11,0.0
2020-04-12,0.0
2020-04-13,0.0
2020-04-14,0.0
2020-04-15,0.0
2020-04-16,0.0
2020-04-17,0.0
2020-04-18,0.0
2020-04-19,0.0
2020-04-20,0.0
2020-04-21,0.0
2020-04-22,0.0
2020-04-23,0.0
2020-04-24,0.0
2020-04-25,0.0
2020-04-26,0.0
2020-04-27,0.0
2020-04-28,0.0
2020-04-29,0.0
2020-04-30,0.0
2020-05-01,0.0
2020-05-02,0.0
2020-05-03,0.0
2020-05-04,0.0
2020-05-05,0.0
2020-05-06,0.0
2020-05-07,0.0
2020-05-08,0.0
2020-05-09,0.0
2020-05-10,0.0
2020-05-11,0.0
2020-05-12,0.0
2020-05-13,0.0
2020-05-14,0.0
2020-05-15,0.0
2020-05-16,0.0
2020-05-17,0.0
2020-05-18,20.5
2020-05-19,18.88
2020-05-20,17.31
2020-05-21,16.95
2020-05-27,0.0
2020-05-28,0.0
2020-05-29,0.0
2020-05-30,0.0
2020-05-31,0.0
2020-06-01,0.0
2020-06-02,0.0
2020-06-03,0.0
2020-06-04,0.0
2020-06-05,5.87
2020-06-06,7.57
2020-06-16,59.05
2020-06-17,58.82
2020-06-18,58.27
2020-06-19,60.64
2020-06-20,65.62
2020-06-21,69.43
2020-06-22,66.75
2020-06-23,66.7
2020-06-24,68.45
2020-06-25,70.86
2020-06-26,77.24
2020-06-27,75.02
2020-06-28,73.42
2020-07-01,69.62
2020-07-02,71.4
2020-07-03,76.65
2020-07-04,75.23
2020-07-06,72.87
2020-07-07,72.4
2020-07-08,73.06
2020-07-11,85.94
2020-07-12,84.64
2020-07-13,81.5
2020-07-14,78.69
2020-07-15,76.99
2020-07-16,77.75
2020-07-17,84.61
2020-07-18,86.77
2020-07-22,106.54
2020-07-23,104.37
2020-07-24,103.19
2020-07-26,113.13
2020-07-27,112.17
2020-07-28,115.13
2020-07-29,113.52
2020-07-30,111.97
2020-08-01,109.79
2020-08-02,117.53
2020-08-03,116.35
2020-08-04,115.63
2020-08-05,114.73
2020-08-06,114.75
2020-08-07,116.42
2020-08-08,130.54
2020-08-09,129.1
2020-08-10,126.73
2020-08-11,119.27
2020-08-12,134.94
2020-08-13,126.59
2020-08-14,123.75
2020-08-15,122.83
2020-08-16,120.89
2020-08-17,118.27
2020-08-18,115.21
2020-08-19,119.95
2020-08-20,134.76
2020-08-21,134.79
2020-08-22,134.33
2020-08-23,134.36
2020-08-24,132.6
2020-08-25,130.85
2020-08-26,133.36
2020-08-27,133.24
2020-08-28,132.15
2020-08-29,130.6
2020-08-30,128.56
2020-08-31,127.88
2020-09-01,127.64
2020-09-02,127.49
2020-09-03,127.03
2020-09-04,126.62
2020-09-05,126.46
2020-09-06,126.23
2020-09-07,125.8
2020-09-08,125.11
2020-09-09,124.3
2020-09-10,125.32
2020-09-11,124.97
2020-09-12,130.17
2020-09-13,132.73
2020-09-14,129.58
2020-09-15,131.72
2020-09-16,132.72
2020-09-18,133.22
2020-09-19,133.71
2020-09-20,132.89
2020-09-21,132.37
2020-09-22,130.84
2020-09-23,129.24
2020-09-24,125.27
2020-09-25,120.17
2020-09-26,118.58
2020-09-27,116.22
2020-09-28,112.02
2020-09-29,111.14
2020-09-30,110.68
2020-10-01,109.93
2020-10-02,110.0
2020-10-03,109.94
2020-10-04,107.77
2020-10-05,105.42
2020-10-06,110.95
2020-10-07,117.99
2020-10-08,114.6
2020-10-09,107.81
2020-10-10,102.12
2020-10-11,98.25
2020-10-12,90.15
2020-10-13,85.2
2020-10-14,82.21
2020-10-15,75.46
2020-10-16,67.0
2020-10-17,54.83
2020-10-18,56.11
2020-10-19,70.09
2020-10-20,68.95
2020-10-21,65.25
2020-10-22,56.43
2020-10-23,49.13
2020-10-24,44.78
2020-10-25,41.53
2020-10-26,35.52
2020-10-27,32.79
2020-10-28,30.65
2020-10-29,28.48
2020-10-30,25.87
2020-10-31,19.78
2020-11-01,6.9
2020-11-02,0.0
2020-11-03,0.0
2020-11-04,0.0
2020-11-05,0.0
2020-11-06,0.0
2020-11-07,0.0
2020-11-08,0.0
2020-11-09,0.0
2020-11-10,0.0
2020-11-11,0.0
2020-11-12,0.0
2020-11-13,0.0
2020-11-14,0.0
2020-11-15,0.0
2020-11-16,0.0
2020-11-17,0.0
2020-11-18,0.0
2020-11-19,0.0
2020-11-20,0.0
2020-11-21,0.0
2020-11-22,0.0
2020-11-23,0.0
2020-11-25,0.0
2020-11-26,0.0
2020-11-27,0.0
2020-11-28,0.0
2020-11-29,0.0
2020-11-30,0.0
2020-12-01,0.0
2020-12-02,0.0
2020-12-03,0.0
2020-12-04,0.0
2020-12-05,0.0
2020-12-06,0.0
2020-12-07,0.0
2020-12-08,0.0
2020-12-09,0.0
2020-12-10,0.0
2020-12-11,0.0
2020-12-12,0.0
2020-12-13,0.0
2020-12-14,0.0
2020-12-15,0.0
2020-12-16,0.0
2020-12-17,0.0
2020-12-18,0.0
2020-12-19,0.0
2020-12-20,0.0
2020-12-21,0.0
2020-12-22,0.0
2020-12-23,0.0
2020-12-24,0.0
2020-12-25,0.0
2020-12-26,0.0
2020-12-27,0.0
2020-12-28,0.0
2020-12-29,0.0
2020-12-30,0.0
2020-12-31,0.0
2021-01-01,0.0
2021-01-02,0.0
2021-01-03,0.0
2021-01-04,0.0
2021-01-05,0.0
2021-01-06,0.0
2021-01-07,0.0
2021-01-08,0.0
2021-01-09,0.0
2021-01-10,0.0
2021-01-11,0.0
2021-01-12,0.0
2021-01-13,0.0
2021-01-14,0.0
2021-01-15,0.0
2021-01-16,0.0
2021-01-17,0.0
2021-01-18,0.0
2021-01-20,0.0
2021-01-21,0.0
2021-01-22,0.0
2021-01-24,0.0
2021-01-25,0.0
2021-01-26,0.0
2021-01-27,0.0
2021-01-28,0.0
2021-01-29,0.0
2021-01-30,0.0
2021-01-31,0.0
2021-02-01,0.0
2021-02-03,0.0
2021-02-04,0.0
2021-02-05,0.0
2021-02-06,0.0
2021-02-07,0.0
2021-02-08,0.0
2021-02-09,0.0
2021-02-10,0.0
2021-02-11,0.0
2021-02-12,0.0
2021-02-13,0.0
2021-02-14,0.0
2021-02-15,0.0
2021-02-16,0.0
2021-02-17,0.0
2021-02-18,0.0
2021-02-19,0.0
2021-02-20,0.0
2021-02-21,0.0
2021-02-22,0.0
2021-02-23,0.0
2021-02-24,0.0
2021-02-25,0.0
2021-02-26,0.0
2021-02-27,0.0
2021-02-28,0.0
2021-03-01,0.0
2021-03-02,0.0
2021-03-03,0.0
2021-03-04,0.0
2021-03-05,0.0
2021-03-06,0.0
2021-03-07,0.0
2021-03-09,0.0
2021-03-10,0.0
2021-03-11,0.0
2021-03-12,0.0
2021-03-13,0.0
2021-03-14,0.0
2021-03-15,0.0
2021-03-16,0.0
2021-03-17,0.0
2021-03-18,0.0
2021-03-19,0.0
2021-03-20,0.0
2021-03-21,0.0
2021-03-22,0.0
2021-03-24,0.0
2021-03-25,0.0
2021-03-26,0.0
2021-03-27,0.0
2021-03-28,0.0
2021-03-29,0.0
2021-03-30,0.0
2021-03-31,0.0
2021-04-01,0.0
2021-04-02,0.0
2021-04-03,0.0
2021-04-04,4.29
2021-04-05,0.0
2021-04-06,0.0
2021-04-07,0.0
2021-04-08,0.0
2021-04-09,0.0
2021-04-10,0.0
2021-04-11,0.0
2021-04-12,0.0
2021-04-13,0.0
2021-04-14,0.0
2021-04-15,0.0
2021-04-16,0.0
2021-04-17,0.0
2021-04-18,0.0
2021-04-19,0.0
2021-04-20,0.0
2021-04-21,0.0
2021-04-22,0.0
2021-04-23,0.0
2021-04-24,0.0
2021-04-25,0.0
2021-04-26,0.0
2021-04-27,0.0
2021-04-28,0.0
2021-04-29,3.65
2021-04-30,0.0
2021-05-01,0.0
2021-05-02,0.0
2021-05-03,0.0
2021-05-04,0.0
2021-05-05,0.0
2021-05-06,0.0
2021-05-07,0.0
2021-05-08,0.0
2021-05-09,0.0
2021-05-10,0.0
2021-05-11,0.0
2021-05-12,0.0
2021-05-13,0.0
2021-05-14,0.0
2021-05-15,0.0
2021-05-16,0.0
2021-05-17,0.0
2021-05-18,0.0
2021-05-20,0.0
2021-05-21,0.0
2021-05-22,0.0
2021-05-23,0.0
2021-05-26,4.53
2021-05-27,13.16
2021-05-28,14.43
2021-05-29,20.32
2021-05-30,24.82
2021-05-31,22.65
2021-06-01,21.63
2021-06-02,21.43
2021-06-03,25.25
2021-06-04,23.87
2021-06-05,21.97
2021-06-06,20.5
2021-06-07,20.04
2021-06-12,24.05
2021-06-13,23.69
2021-06-14,23.79
2021-06-15,23.6
2021-06-16,23.55
2021-06-18,23.45
2021-06-19,23.52
2021-06-20,23.63
2021-06-21,22.35
2021-06-22,23.12
2021-06-23,22.73
2021-06-24,22.14
2021-06-25,34.64
2021-06-26,34.42
2021-06-27,32.41
2021-06-28,23.85
2021-06-29,22.28
2021-06-30,22.87
2021-07-01,24.58
2021-07-03,29.77
2021-07-04,36.52
2021-07-05,29.66
2021-07-06,28.93
2021-07-07,31.74
2021-07-08,31.03
2021-07-09,36.01
2021-07-10,47.68
2021-07-11,58.38
2021-07-12,67.95
2021-07-13,67.02
2021-07-14,64.7
2021-07-15,63.56
2021-07-16,65.53
2021-07-17,64.53
2021-07-18,60.03
2021-07-19,53.4
2021-07-20,52.78
2021-07-21,52.71
2021-07-27,70.45
2021-07-28,69.21
2021-07-29,68.93
2021-07-31,71.08
2021-08-02,61.6
2021-08-03,61.54
2021-08-04,56.56
2021-08-07,75.87
2021-08-08,73.52
2021-08-09,72.54
2021-08-10,70.03
2021-08-11,69.55
2021-08-12,66.61
2021-08-13,61.51
2021-08-14,58.06
2021-08-15,56.49
2021-08-16,57.15
2021-08-17,63.62
2021-08-18,63.11
2021-08-19,72.26
2021-08-20,70.9
2021-08-21,70.68
2021-08-23,72.27
2021-08-24,72.23
2021-08-25,71.61
2021-08-26,73.44
2021-08-27,76.05
2021-08-28,77.48
2021-08-29,77.02
2021-08-30,77.31
2021-08-31,75.6
2021-09-01,75.32
2021-09-02,74.91
2021-09-03,74.8
2021-09-04,74.47
2021-09-05,74.21
2021-09-06,72.94
2021-09-07,72.03
2021-09-08,68.48
2021-09-09,63.87
2021-09-10,62.3
2021-09-11,61.96
2021-09-12,61.98
2021-09-13,63.39
2021-09-14,61.39
2021-09-15,59.69
2021-09-16,63.98
2021-09-17,68.33
2021-09-18,67.39
2021-09-19,66.79
2021-09-20,66.14
2021-09-21,55.86
2021-09-22,48.46
2021-09-23,46.31
2021-09-24,33.46
2021-09-25,3.73
2021-09-26,13.04
2021-09-27,11.51
2021-09-28,8.12
2021-09-29,24.67
2021-09-30,27.67
2021-10-01,28.53
2021-10-02,30.47
2021-10-03,28.19
2021-10-04,24.64
2021-10-05,24.07
2021-10-06,22.74
2021-10-07,19.2
2021-10-08,9.6
2021-10-09,2.17
2021-10-10,0.0
2021-10-11,0.0
2021-10-12,0.0
2021-10-14,0.0
2021-10-15,0.0
2021-10-16,0.0
2021-10-17,0.0
2021-10-18,0.0
2021-10-19,0.0
2021-10-20,0.0
2021-10-21,0.0
2021-10-22,0.0
2021-10-23,0.0
2021-10-24,0.0
2021-10-25,0.0
2021-10-26,0.0
2021-10-27,0.0
2021-10-28,0.0
2021-10-29,0.0
2021-10-30,0.0
2021-10-31,0.0
2021-11-01,0.0
2021-11-02,0.0
2021-11-03,0.0
2021-11-04,0.0
2021-11-05,0.0
2021-11-06,0.0
2021-11-07,0.0
2021-11-08,0.0
2021-11-09,0.0
2021-11-10,0.0
2021-11-11,0.0
2021-11-12,0.0
2021-11-13,0.0
2021-11-14,0.0
2021-11-15,0.0
2021-11-16,0.0
2021-11-17,0.0
2021-11-18,0.0
2021-11-19,0.0
2021-11-20,0.0
2021-11-21,0.0
2021-11-22,0.0
2021-11-23,0.0
2021-11-24,0.0
2021-11-25,0.0
2021-11-26,0.0
2021-11-27,0.0
2021-11-28,0.0
2021-11-29,0.0
2021-11-30,0.0
2021-12-01,0.0
2021-12-02,0.0
2021-12-03,0.0
2021-12-04,0.0
2021-12-05,0.0
2021-12-06,0.0
2021-12-07,0.0
2021-12-08,0.0
2021-12-09,0.0
2021-12-10,0.0
2021-12-11,0.0
2021-12-12,0.0
2021-12-13,0.0
2021-12-14,0.0
2021-12-15,0.0
2021-12-16,0.0
2021-12-17,0.0
2021-12-18,0.0
2021-12-19,0.0
2021-12-20,0.0
2021-12-21,0.0
2021-12-22,0.0
2021-12-23,0.0
2021-12-24,0.0
2021-12-25,0.0
2021-12-26,0.0
2021-12-27,0.0
2021-12-28,0.0
2021-12-29,0.0
2021-12-30,0.0
2021-12-31,0.0
2022-01-01,0.0
2022-01-02,0.0
2022-01-03,0.0
2022-01-04,0.0
2022-01-05,0.0
2022-01-06,0.0
2022-01-07,0.0
2022-01-08,0.0
2022-01-09,0.0
2022-01-10,0.0
2022-01-11,0.0
2022-01-12,0.0
2022-01-13,0.0
2022-01-14,0.0
2022-01-15,0.0
2022-01-16,0.0
2022-01-17,0.0
2022-01-18,0.0
2022-01-19,0.0
2022-01-20,0.0
2022-01-21,0.0
2022-01-22,0.0
2022-01-23,0.0
2022-01-24,0.0
2022-01-25,0.0
2022-01-26,0.0
2022-01-27,0.0
2022-01-28,0.0
2022-01-29,0.0
2022-01-30,0.0
2022-01-31,0.0
2022-02-01,0.0
2022-02-02,0.0
2022-02-03,0.0
2022-02-04,0.0
2022-02-05,0.0
2022-02-06,0.0
2022-02-07,0.0
2022-02-08,0.0
2022-02-09,0.0
2022-02-10,0.0
2022-02-11,0.0
2022-02-12,0.0
2022-02-13,0.0
2022-02-14,0.0
2022-02-15,0.0
2022-02-16,0.0
2022-02-17,0.0
2022-02-18,0.0
2022-02-19,0.0
2022-02-20,0.0
2022-02-21,0.0
2022-02-22,0.0
2022-02-23,0.0
2022-02-24,0.0
2022-02-25,0.0
2022-02-26,0.0
2022-02-27,0.0
2022-02-28,0.0
2022-03-01,0.0
2022-03-02,0.0
2022-03-03,0.0
2022-03-04,0.0
2022-03-05,0.0
2022-03-06,0.0
2022-03-07,0.0
2022-03-08,0.0
2022-03-09,0.0
2022-03-10,0.0
2022-03-11,0.0
2022-03-12,0.0
2022-03-13,0.0
2022-03-14,0.0
2022-03-15,0.0
2022-03-16,0.0
2022-03-17,0.0
2022-03-18,0.0
2022-03-19,0.0
2022-03-20,0.0
2022-03-21,0.0
2022-03-22,0.0
2022-03-23,0.0
2022-03-24,0.0
2022-03-25,0.0
2022-03-26,0.0
2022-03-27,0.0
2022-03-28,3.66
2022-03-29,8.35
2022-03-30,6.75
2022-03-31,2.38
2022-04-01,0.0
2022-04-02,0.0
2022-04-03,0.0
2022-04-04,0.0
2022-04-05,0.0
2022-04-06,0.0
2022-04-07,0.0
2022-04-08,0.0
2022-04-09,0.0
2022-04-10,0.0
2022-04-12,0.0
2022-04-13,0.0
2022-04-14,0.0
2022-04-15,0.0
2022-04-16,0.0
2022-04-17,0.0
2022-04-18,0.0
2022-04-19,0.0
2022-04-20,0.0
2022-04-21,0.0
2022-04-22,0.0
2022-04-23,2.65
2022-04-24,0.0
2022-04-25,0.0
2022-04-26,4.27
2022-04-27,10.49
2022-04-28,8.78
2022-04-29,7.98
2022-04-30,8.58
2022-05-01,6.56
2022-05-02,3.37
2022-05-03,0.0
2022-05-04,0.0
2022-05-05,0.0
2022-05-06,0.0
2022-05-07,0.0
2022-05-08,0.0
2022-05-09,0.0
2022-05-10,0.0
2022-05-11,0.0
2022-05-12,0.0
2022-05-13,0.0
2022-05-14,0.0
2022-05-15,0.0
2022-05-16,0.0
2022-05-17,0.0
2022-05-18,0.0
2022-05-19,0.0
2022-05-20,0.0
2022-05-21,0.0
2022-05-22,0.0
2022-05-23,11.66
2022-05-24,14.66
2022-05-25,14.44
2022-05-26,13.35
2022-05-27,15.76
2022-05-28,14.87
2022-05-29,14.98
2022-05-30,14.9
2022-05-31,14.88
2022-06-01,14.64
2022-06-02,14.1
2022-06-03,14.08
2022-06-04,14.43
2022-06-05,14.2
2022-06-06,21.61
2022-06-07,23.07
2022-06-08,33.79
2022-06-09,41.54
2022-06-10,39.82
2022-06-11,34.22
2022-06-12,28.07
2022-06-13,24.3
2022-06-14,23.91
2022-06-15,23.84
2022-06-16,23.52
2022-06-17,23.36
2022-06-18,22.81
2022-06-19,22.85
2022-06-20,22.7
2022-06-21,22.7
2022-06-22,22.43
2022-06-23,22.75
2022-06-24,22.86
2022-06-25,23.14
2022-06-26,21.67
2022-06-27,19.43
2022-06-28,20.61
2022-06-29,23.33
2022-06-30,18.5
2022-07-01,17.79
2022-07-02,21.93
2022-07-03,26.14
2022-07-04,29.89
2022-07-05,33.42
2022-07-06,33.37
2022-07-07,32.93
2022-07-08,41.27
2022-07-09,41.6
2022-07-10,48.87
2022-07-11,47.86
2022-07-12,49.11
2022-07-13,47.3
2022-07-14,45.05
2022-07-15,45.05
2022-07-16,45.45
2022-07-17,47.17
2022-07-18,57.29
2022-07-19,89.34
2022-07-20,111.52
2022-07-21,115.93
2022-07-22,113.69
2022-07-23,109.66
2022-07-24,107.23
2022-07-25,105.65
2022-07-26,102.78
2022-07-27,102.92
2022-07-28,102.86
2022-07-29,103.17
2022-07-30,100.86
2022-07-31,100.15
2022-08-01,99.6
2022-08-02,99.1
2022-08-03,99.1
2022-08-04,103.39
2022-08-05,104.98
2022-08-06,103.75
2022-08-07,102.99
2022-08-08,102.29
2022-08-09,102.34
2022-08-10,99.52
2022-08-11,97.76
2022-08-12,100.03
2022-08-13,105.09
2022-08-14,111.13
2022-08-15,116.21
2022-08-16,119.67
2022-08-17,119.54
2022-08-18,118.02
2022-08-19,114.65
2022-08-20,111.98
2022-08-21,107.89
2022-08-22,108.42
2022-08-23,112.27
2022-08-24,121.71
2022-08-25,123.34
2022-08-26,120.6
2022-08-27,126.06
2022-08-28,123.51
2022-08-29,117.79
2022-08-30,113.26
2022-08-31,111.51
2022-09-01,110.17
2022-09-02,106.99
2022-09-03,99.88
2022-09-04,99.45
2022-09-05,93.97
2022-09-06,103.45
2022-09-07,102.63
2022-09-08,102.61
2022-09-09,99.98
2022-09-10,96.18
2022-09-11,94.34
2022-09-12,92.51
2022-09-13,91.41
2022-09-14,89.57
2022-09-15,93.85
2022-09-16,105.45
2022-09-17,103.09
2022-09-18,101.87
2022-09-19,101.73
2022-09-20,100.42
2022-09-21,99.42
2022-09-22,95.72
2022-09-23,94.59
2022-09-24,99.78
2022-09-25,98.46
2022-09-26,108.03
2022-09-27,112.82
2022-09-28,108.0
2022-09-29,100.25
2022-09-30,97.23
2022-10-01,95.71
2022-10-02,93.3
2022-10-03,90.82
2022-10-04,86.67
2022-10-05,83.55
2022-10-06,84.87
2022-10-07,83.62
2022-10-08,82.17
2022-10-09,80.37
2022-10-10,74.59
2022-10-11,72.02
2022-10-12,81.47
2022-10-13,82.22
2022-10-14,80.19
2022-10-15,74.71
2022-10-16,69.73
2022-10-17,63.67
2022-10-18,53.97
2022-10-19,41.41
2022-10-20,37.2
2022-10-21,34.77
2022-10-22,29.92
2022-10-23,20.92
2022-10-24,4.66
2022-10-25,0.0
2022-10-26,0.0
2022-10-27,8.95
2022-10-28,24.93
2022-10-29,24.88
2022-10-30,20.64
2022-10-31,18.92
2022-11-01,8.69
2022-11-02,0.0
2022-11-04,0.0
2022-11-05,0.0
2022-11-06,0.0
2022-11-07,0.0
2022-11-08,0.0
2022-11-09,0.0
2022-11-10,0.0
2022-11-11,0.0
2022-11-12,0.0
2022-11-13,0.0
2022-11-14,0.0
2022-11-15,0.0
2022-11-16,0.0
2022-11-17,0.0
2022-11-18,0.0
2022-11-19,0.0
2022-11-20,0.0
2022-11-21,0.0
2022-11-22,0.0
2022-11-23,0.0
2022-11-24,0.0
2022-11-25,0.0
2022-11-26,0.0
2022-11-27,0.0
2022-11-28,0.0
2022-11-29,0.0
2022-11-30,0.0
2022-12-01,0.0
2022-12-02,0.0
2022-12-03,0.0
2022-12-04,0.0
2022-12-05,0.0
2022-12-06,0.0
2022-12-07,0.0
2022-12-08,0.0
2022-12-09,0.0
2022-12-10,0.0
2022-12-11,0.0
2022-12-13,0.0
2022-12-14,0.0
2022-12-15,0.0
2022-12-16,0.0
2022-12-17,0.0
2022-12-18,0.0
2022-12-20,0.0
2022-12-21,0.0
2022-12-23,0.0
2022-12-24,0.0
2022-12-25,0.0
2022-12-26,0.0
2022-12-27,0.0
2022-12-28,0.0
2022-12-29,0.0
2022-12-30,0.0
2022-12-31,0.0
